case,radial,beta0,muz,energy_keV,r0,alpha,azimuth,pol,method,tau_reference,reference_uncertainty,tau,absolute_error,relative_error,probability_error,median_us,steps,rhs_calls,field_calls,rate_calls,rejected,event_roots,status
review_O,1,-0.20000000000000001,-0.20000000000000001,1,10,0,0,O,event,0.46171523920447488,6.9982236096158572e-13,0.46171523405684234,5.1476325424459901e-09,1.1148933596636851e-08,3.2440471420258632e-09,959,86,517,5117,1605,0,10,"ok"
review_O,1,-0.20000000000000001,-0.20000000000000001,1,10,0,0,O,fast,0.46171523920447488,6.9982236096158572e-13,0.46171524249341483,3.2889399537161523e-09,7.1233082091527296e-09,2.0726957927763578e-09,62,82,493,1,210,0,7,"ok"
review_E,1,-0.20000000000000001,-0.20000000000000001,1,10,0,0,E,fast,4.6623500810787393,1.1382067920442342e-13,4.6623500946731147,1.3594375403158665e-08,2.9157774870507581e-09,1.2838856366936824e-10,62,82,493,1,270,0,7,"ok"
review_E,1,-0.20000000000000001,-0.20000000000000001,1,10,0,0,E,event,4.6623500810787393,1.1382067920442342e-13,4.6623500219628129,5.911592637630747e-08,1.2679426758667953e-08,5.58305107006829e-10,1097,86,517,5207,1695,0,10,"ok"
grid0_O,1,-0.75,-0.80000000000000004,0.10000000000000001,10,0,0,O,event,0.1422968616253863,9.152897833868433e-13,0.14229686161469338,1.0692918772647886e-11,7.5145148322373324e-11,9.2745811031136327e-12,1174,86,517,4396,1440,0,10,"ok"
grid0_O,1,-0.75,-0.80000000000000004,0.10000000000000001,10,0,0,O,fast,0.1422968616253863,9.152897833868433e-13,0.14229686152093907,1.0444722864377809e-10,7.340093621934408e-10,9.0593643697900461e-11,67,82,493,1,225,0,7,"ok"
grid0_E,1,-0.75,-0.80000000000000004,0.10000000000000001,10,0,0,E,fast,0.18840749914882154,2.0755892544421635e-13,0.1884074990306058,1.1821574275039382e-10,6.274471201224117e-10,9.7915342500698443e-11,86,82,493,1,195,0,7,"ok"
grid0_E,1,-0.75,-0.80000000000000004,0.10000000000000001,10,0,0,E,event,0.18840749914882154,2.0755892544421635e-13,0.18840749913479468,1.4026863004446e-11,7.4449600296250924e-11,1.1618039863492413e-11,1107,86,517,4486,1530,0,10,"ok"
grid1_O,1,-0.75,-0.80000000000000004,1,10,0,0,O,event,0.14416435049885909,9.2418379690893892e-13,0.1441643505571773,5.8318211371144457e-11,4.0452588430734121e-10,5.0488724312458544e-11,1104,86,517,5274,1650,0,10,"ok"
grid1_O,1,-0.75,-0.80000000000000004,1,10,0,0,O,fast,0.14416435049885909,9.2418379690893892e-13,0.14416435069375408,1.9489498903624281e-10,1.3518944757274455e-09,1.6872936381417958e-10,74,82,493,1,240,0,7,"ok"
grid1_E,1,-0.75,-0.80000000000000004,1,10,0,0,E,fast,0.19083205068069461,2.1146942224185233e-13,0.1908320509031225,2.2242788166870753e-10,1.1655687861410655e-09,1.837857643849361e-10,62,82,493,1,240,0,7,"ok"
grid1_E,1,-0.75,-0.80000000000000004,1,10,0,0,E,event,0.19083205068069461,2.1146942224185233e-13,0.19083205075441284,7.3718225968022466e-11,3.8629897705899418e-10,6.0911165000732126e-11,964,86,517,5304,1680,0,10,"ok"
grid2_O,1,-0.75,-0.80000000000000004,10,10,0,0,O,event,0.14863914909517861,9.4510789746606346e-13,0.14863914911296561,1.7786994099822095e-11,1.1966560766862631e-10,1.5330181568629087e-11,1142,86,517,7032,1995,0,10,"ok"
grid2_O,1,-0.75,-0.80000000000000004,10,10,0,0,O,fast,0.14863914909517861,9.4510789746606346e-13,0.14863914887112459,2.2405402533287599e-10,1.5073688641032702e-09,1.9310775201120123e-10,69,82,493,1,285,0,7,"ok"
grid2_E,1,-0.75,-0.80000000000000004,10,10,0,0,E,fast,0.19663401998437199,2.2064521131393436e-13,0.19663401975419076,2.3018123518347977e-10,1.1706073811732782e-09,1.8909185328652711e-10,63,82,493,1,255,0,7,"ok"
grid2_E,1,-0.75,-0.80000000000000004,10,10,0,0,E,event,0.19663401998437199,2.2064521131393436e-13,0.19663402000965893,2.5286939209223647e-11,1.285990044410087e-10,2.0773049946853916e-11,1144,86,517,7032,1995,0,10,"ok"
grid3_O,1,-0.75,-0.20000000000000001,0.10000000000000001,10,0,0,O,event,0.12132549430935233,1.075172435627248e-13,0.12132549449585675,1.8650442301648695e-10,1.5372236814543136e-09,1.6519541290449524e-10,929,86,517,4704,1740,0,10,"ok"
grid3_O,1,-0.75,-0.20000000000000001,0.10000000000000001,10,0,0,O,fast,0.12132549430935233,1.075172435627248e-13,0.12132549440308306,9.3730731509644727e-11,7.7255594171042688e-10,8.3021589603049506e-11,88,82,493,1,525,0,7,"ok"
grid3_E,1,-0.75,-0.20000000000000001,0.10000000000000001,10,0,0,E,fast,0.89884994048657685,1.7635821051861359e-13,0.89884994359460424,3.1080273910077949e-09,3.4577822737856756e-09,1.2650837044603236e-09,90,82,493,1,525,0,7,"ok"
grid3_E,1,-0.75,-0.20000000000000001,0.10000000000000001,10,0,0,E,event,0.89884994048657685,1.7635821051861359e-13,0.89884994412913644,3.6425595872913163e-09,4.0524668503838139e-09,1.4826583849547603e-09,921,86,517,4674,1710,0,10,"ok"
grid4_O,1,-0.75,-0.20000000000000001,1,10,0,0,O,event,0.12355169768747679,1.1004849671100148e-13,0.12355169734319699,3.4427979911377804e-10,2.7865242287858445e-09,3.0426616781653593e-10,985,86,517,5359,1845,0,10,"ok"
grid4_O,1,-0.75,-0.20000000000000001,1,10,0,0,O,fast,0.12355169768747679,1.1004849671100148e-13,0.12355169786873757,1.8126078416003111e-10,1.4670845286038002e-09,1.6019396920086137e-10,97,82,493,1,555,0,7,"ok"
grid4_E,1,-0.75,-0.20000000000000001,1,10,0,0,E,fast,0.91430488869722693,1.7795874424869662e-13,0.91430488468466209,4.0125648359534694e-09,4.388650750485306e-09,1.6082164489006345e-09,85,82,493,1,525,0,7,"ok"
grid4_E,1,-0.75,-0.20000000000000001,1,10,0,0,E,event,0.91430488869722693,1.7795874424869662e-13,0.91430488013987288,8.5573540475891718e-09,9.3594097038924931e-09,3.4297458206822284e-09,971,86,517,5329,1815,0,10,"ok"
grid5_O,1,-0.75,-0.20000000000000001,10,10,0,0,O,event,0.12905678608633089,1.1641909276731494e-13,0.12905678601122514,7.5105754948623371e-11,5.8195897500796534e-10,6.601219570967487e-11,1008,86,517,5855,1965,0,10,"ok"
grid5_O,1,-0.75,-0.20000000000000001,10,10,0,0,O,fast,0.12905678608633089,1.1641909276731494e-13,0.12905678555108219,5.352487064680389e-10,4.1473890889394312e-09,4.7044290685249734e-10,95,82,493,1,660,0,7,"ok"
grid5_E,1,-0.75,-0.20000000000000001,10,10,0,0,E,fast,0.95223614429213321,1.8180797762031729e-13,0.9522361412006084,3.0915248139251617e-09,3.2465946944529375e-09,1.1929488508144459e-09,90,82,493,1,600,0,7,"ok"
grid5_E,1,-0.75,-0.20000000000000001,10,10,0,0,E,event,0.95223614429213321,1.8180797762031729e-13,0.95223614706434045,2.77220724154148e-09,2.9112602563540208e-09,1.0697315255825401e-09,1022,86,517,5795,1905,0,10,"ok"
grid6_O,1,-0.75,0,0.10000000000000001,10,0,0,O,event,0.3662549768923114,8.123156432246117e-13,0.36625497683464564,5.7665761055147868e-11,1.5744703742852652e-10,3.9981129518196212e-11,764,86,517,4584,1635,0,10,"ok"
grid6_O,1,-0.75,0,0.10000000000000001,10,0,0,O,fast,0.3662549768923114,8.123156432246117e-13,0.36625497696253834,7.0226935378059352e-11,1.9174329308488254e-10,4.869016301256579e-11,86,82,493,1,540,0,7,"ok"
grid6_E,1,-0.75,0,0.10000000000000001,10,0,0,E,fast,1.1791295470488068,8.2159776226801226e-13,1.1791295447479349,2.300871937421789e-09,1.9513309145551846e-09,7.0762473658447789e-10,86,82,493,1,540,0,7,"ok"
grid6_E,1,-0.75,0,0.10000000000000001,10,0,0,E,event,1.1791295470488068,8.2159776226801226e-13,1.179129544875597,2.1732098343107964e-09,1.8430628252425961e-09,6.6836269851933139e-10,757,86,517,4584,1635,0,10,"ok"
grid7_O,1,-0.75,0,1,10,0,0,O,event,0.37390773555866741,8.2929051211961121e-13,0.37390773551623635,4.2431058666636545e-11,1.134800236299978e-10,2.9194202610938191e-11,744,86,517,4593,1635,0,10,"ok"
grid7_O,1,-0.75,0,1,10,0,0,O,fast,0.37390773555866741,8.2929051211961121e-13,0.37390773542894667,1.2972073415440377e-10,3.4693246974573528e-10,8.9253049395665585e-11,89,82,493,1,570,0,7,"ok"
grid7_E,1,-0.75,0,1,10,0,0,E,fast,1.2018467166410411,8.3945106025114061e-13,1.2018467179933872,1.3523460129505338e-09,1.1252233701899297e-09,4.0656727984256236e-10,93,82,493,1,600,0,7,"ok"
grid7_E,1,-0.75,0,1,10,0,0,E,event,1.2018467166410411,8.3945106025114061e-13,1.2018467200552214,3.4141802718323788e-09,2.8407784658050542e-09,1.0264340488674861e-09,742,86,517,4563,1605,0,10,"ok"
grid8_O,1,-0.75,0,10,10,0,0,O,event,0.39314584863428709,8.7012794876504497e-13,0.39314584886378146,2.294943679537198e-10,5.837384999763803e-10,1.5489265425827625e-10,754,86,517,4601,1665,0,10,"ok"
grid8_O,1,-0.75,0,10,10,0,0,O,fast,0.39314584863428709,8.7012794876504497e-13,0.39314584868238323,4.80961381832401e-11,1.2233662990545829e-10,3.2461477950107565e-11,97,82,493,1,645,0,6,"ok"
grid8_E,1,-0.75,0,10,10,0,0,E,fast,1.2583678414654149,8.8316017076835133e-13,1.2583678475691671,6.1037521703610764e-09,4.8505309570316383e-09,1.7341820202076974e-09,101,82,493,1,645,0,6,"ok"
grid8_E,1,-0.75,0,10,10,0,0,E,event,1.2583678414654149,8.8316017076835133e-13,1.2583678440144725,2.5490576316400393e-09,2.0256856124609553e-09,7.2423150809797221e-10,745,86,517,4631,1695,0,10,"ok"
grid9_O,1,-0.75,0.20000000000000001,0.10000000000000001,10,0,0,O,event,0.78096748907797153,1.0755060861755844e-12,0.78096748900077795,7.7193584857582209e-11,9.8843531820663574e-11,3.5351777061265466e-11,923,86,517,4608,1650,0,10,"ok"
grid9_O,1,-0.75,0.20000000000000001,0.10000000000000001,10,0,0,O,fast,0.78096748907797153,1.0755060861755844e-12,0.78096748893132439,1.4664713887668768e-10,1.8777624027579269e-10,6.7158889560658963e-11,86,82,493,1,525,0,7,"ok"
grid9_E,1,-0.75,0.20000000000000001,0.10000000000000001,10,0,0,E,fast,1.3440468603237958,1.0922047466865591e-12,1.3440468594060695,9.17726339366709e-10,6.8280829073594836e-10,2.3933216519722578e-10,90,82,493,1,555,0,7,"ok"
grid9_E,1,-0.75,0.20000000000000001,0.10000000000000001,10,0,0,E,event,1.3440468603237958,1.0922047466865591e-12,1.3440468600978772,2.2591861714715833e-10,1.6808834856601057e-10,5.8916926892749188e-11,899,86,517,4638,1680,0,10,"ok"
grid10_O,1,-0.75,0.20000000000000001,1,10,0,0,O,event,0.79775525652950274,1.1011681739661927e-12,0.79775525690120341,3.7170067024305808e-10,4.6593321347712328e-10,1.6739115649144765e-10,941,86,517,5239,1725,0,10,"ok"
grid10_O,1,-0.75,0.20000000000000001,1,10,0,0,O,fast,0.79775525652950274,1.1011681739661927e-12,0.79775525665246305,1.2296030860170504e-10,1.5413287169879988e-10,5.5373761131960464e-11,89,82,493,1,555,0,7,"ok"
grid10_E,1,-0.75,0.20000000000000001,1,10,0,0,E,fast,1.3715632495026078,1.1185294794728764e-12,1.3715632504186686,9.1606078278516634e-10,6.6789539827446694e-10,2.3241381041927411e-10,90,82,493,1,585,0,7,"ok"
grid10_E,1,-0.75,0.20000000000000001,1,10,0,0,E,event,1.3715632495026078,1.1185294794728764e-12,1.3715632512826827,1.7800749763097201e-09,1.2978438850379357e-09,4.5162285022826154e-10,959,86,517,5269,1755,0,10,"ok"
grid11_O,1,-0.75,0.20000000000000001,10,10,0,0,O,event,0.84016122772031987,1.1633424882533828e-12,0.84016122768020052,4.0119352284762044e-11,4.7751968266401984e-11,1.7317147715800729e-11,1009,86,517,5740,1845,0,10,"ok"
grid11_O,1,-0.75,0.20000000000000001,10,10,0,0,O,fast,0.84016122772031987,1.1633424882533828e-12,0.84016122807378257,3.5346270355063325e-10,4.2070818301115053e-10,1.525689574677358e-10,96,82,493,1,645,0,6,"ok"
grid11_E,1,-0.75,0.20000000000000001,10,10,0,0,E,fast,1.4406222509459423,1.1828611229484141e-12,1.4406222522081433,1.2622010103768844e-09,8.761498786708987e-10,2.9886443320137346e-10,90,82,493,1,615,0,6,"ok"
grid11_E,1,-0.75,0.20000000000000001,10,10,0,0,E,event,1.4406222509459423,1.1828611229484141e-12,1.4406222499107006,1.0352416701664424e-09,7.1860730284200547e-10,2.4512492036166122e-10,1025,86,517,5770,1875,0,10,"ok"
grid12_O,1,-0.75,0.80000000000000004,0.10000000000000001,10,0,0,O,event,0.49846575146681443,1.0960636938506177e-12,0.49846575148995176,2.3137325388944419e-11,4.6417081456166593e-11,1.4054979402544632e-11,881,86,517,4535,1560,0,10,"ok"
grid12_O,1,-0.75,0.80000000000000004,0.10000000000000001,10,0,0,O,fast,0.49846575146681443,1.0960636938506177e-12,0.49846575158403167,1.1721723591762157e-10,2.3515604747706592e-10,7.1204930840451652e-11,89,82,493,1,555,0,7,"ok"
grid12_E,1,-0.75,0.80000000000000004,0.10000000000000001,10,0,0,E,fast,0.51634891417633288,4.7468849551967417e-13,0.51634891430515562,1.2882273026093571e-10,2.4948775280457514e-10,7.6867845422157188e-11,103,82,493,1,555,0,7,"ok"
grid12_E,1,-0.75,0.80000000000000004,0.10000000000000001,10,0,0,E,event,0.51634891417633288,4.7468849551967417e-13,0.516348914200085,2.3752111388830599e-11,4.6000118789286861e-11,1.4172774065457361e-11,877,86,517,4535,1560,0,10,"ok"
grid13_O,1,-0.75,0.80000000000000004,1,10,0,0,O,event,0.50801964759153317,4.8507918022245197e-13,0.50801964757317286,1.8360313269738526e-11,3.614095115569409e-11,1.1047163184230158e-11,955,86,517,5425,1800,0,10,"ok"
grid13_O,1,-0.75,0.80000000000000004,1,10,0,0,O,fast,0.50801964759153317,4.8507918022245197e-13,0.5080196474361991,1.5533407893286721e-10,3.0576392009499924e-10,9.3462348971229403e-11,97,82,493,1,615,0,7,"ok"
grid13_E,1,-0.75,0.80000000000000004,1,10,0,0,E,fast,0.52620792780073478,4.8565309456061895e-13,0.5262079276264261,1.7430867860213084e-10,3.3125437568120088e-10,1.0298872865632802e-10,93,82,493,1,615,0,7,"ok"
grid13_E,1,-0.75,0.80000000000000004,1,10,0,0,E,event,0.52620792780073478,4.8565309456061895e-13,0.52620792777958225,2.1152524176670795e-11,4.01980340073494e-11,1.2497780588205387e-11,953,86,517,5425,1800,0,10,"ok"
grid14_O,1,-0.75,0.80000000000000004,10,10,0,0,O,event,0.53182968350015891,5.1156495379617874e-13,0.5318296835350993,3.4940383919490614e-11,6.5698446332546935e-11,2.0528467814528994e-11,1139,86,517,7177,2145,0,10,"ok"
grid14_O,1,-0.75,0.80000000000000004,10,10,0,0,O,fast,0.53182968350015891,5.1156495379617874e-13,0.53182968377566775,2.7550883796578773e-10,5.1803960274004796e-10,1.618694067673232e-10,96,82,493,1,615,0,6,"ok"
grid14_E,1,-0.75,0.80000000000000004,10,10,0,0,E,fast,0.5507673193323932,5.1223106618577508e-13,0.55076731963384629,3.014530847167407e-10,5.4733291924826601e-10,1.737898713827235e-10,92,82,493,1,615,0,6,"ok"
grid14_E,1,-0.75,0.80000000000000004,10,10,0,0,E,event,0.5507673193323932,5.1223106618577508e-13,0.55076731936596734,3.3574143465386896e-11,6.0958851926950645e-11,1.9355739233617442e-11,1122,86,517,7177,2145,0,10,"ok"
grid15_O,1,-0.20000000000000001,-0.80000000000000004,0.10000000000000001,10,0,0,O,event,1.1824276422936622,5.7922676955038055e-13,1.1824276418304684,4.6319370561320738e-10,3.9173112082757857e-10,1.4198447972901818e-10,903,86,517,4559,1590,0,10,"ok"
grid15_O,1,-0.20000000000000001,-0.80000000000000004,0.10000000000000001,10,0,0,O,fast,1.1824276422936622,5.7922676955038055e-13,1.1824276392796222,3.0140399065459178e-09,2.5490269330132635e-09,9.2390473049874799e-10,64,82,493,1,270,0,7,"ok"
grid15_E,1,-0.20000000000000001,-0.80000000000000004,0.10000000000000001,10,0,0,E,fast,1.3458294507105404,6.3044547873950222e-13,1.3458294473763912,3.3341491789684596e-09,2.4773935339341633e-09,8.6795803877492972e-10,73,82,493,1,300,0,7,"ok"
grid15_E,1,-0.20000000000000001,-0.80000000000000004,0.10000000000000001,10,0,0,E,event,1.3458294507105404,6.3044547873950222e-13,1.3458294502394537,4.7108672518447747e-10,3.5003448983507071e-10,1.2263501325548987e-10,880,86,517,4559,1590,0,10,"ok"
grid16_O,1,-0.20000000000000001,-0.80000000000000004,1,10,0,0,O,event,1.1991549451070218,5.8768973587393876e-13,1.1991549468559408,1.7489190096142693e-09,1.4584595733441122e-09,5.2720966481345499e-10,968,86,517,5411,1770,0,10,"ok"
grid16_O,1,-0.20000000000000001,-0.80000000000000004,1,10,0,0,O,fast,1.1991549451070218,5.8768973587393876e-13,1.1991549505210681,5.4140463223717461e-09,4.5148847064868296e-09,1.6320580442652499e-09,72,82,493,1,315,0,7,"ok"
grid16_E,1,-0.20000000000000001,-0.80000000000000004,1,10,0,0,E,fast,1.3648562255840602,6.3969313213705363e-13,1.3648562315853063,6.0012461666758554e-09,4.3969804688459065e-09,1.5328227020994234e-09,70,82,493,1,315,0,7,"ok"
grid16_E,1,-0.20000000000000001,-0.80000000000000004,1,10,0,0,E,event,1.3648562255840602,6.3969313213705363e-13,1.3648562274609339,1.876873767514553e-09,1.3751439399497087e-09,4.7938625291621406e-10,987,86,517,5411,1770,0,10,"ok"
grid17_O,1,-0.20000000000000001,-0.80000000000000004,10,10,0,0,O,event,1.2394586749410574,6.0785933743936511e-13,1.2394586751293037,1.8824630743097259e-10,1.5187784089689368e-10,5.4505011615191279e-11,1098,86,517,7122,2085,0,10,"ok"
grid17_O,1,-0.20000000000000001,-0.80000000000000004,10,10,0,0,O,fast,1.2394586749410574,6.0785933743936511e-13,1.2394586687007501,6.2403073819439214e-09,5.034703865573154e-09,1.80682430128698e-09,70,82,493,1,345,0,7,"ok"
grid17_E,1,-0.20000000000000001,-0.80000000000000004,10,10,0,0,E,fast,1.4106980796329627,6.6187500237126695e-13,1.4106980727490066,6.883956071845887e-09,4.8798223881023247e-09,1.6794987900414782e-09,71,82,493,1,345,0,7,"ok"
grid17_E,1,-0.20000000000000001,-0.80000000000000004,10,10,0,0,E,event,1.4106980796329627,6.6187500237126695e-13,1.4106980799153845,2.824218636732212e-10,2.0020007665049215e-10,6.8903299732525625e-11,1095,86,517,7122,2085,0,10,"ok"
grid18_O,1,-0.20000000000000001,-0.20000000000000001,0.10000000000000001,10,0,0,O,event,0.45399163621262872,6.9523008391144292e-13,0.45399163851767466,2.3050459319051697e-09,5.0772872186253069e-09,1.4639071066469e-09,903,86,517,4483,1500,0,10,"ok"
grid18_O,1,-0.20000000000000001,-0.20000000000000001,0.10000000000000001,10,0,0,O,fast,0.45399163621262872,6.9523008391144292e-13,0.45399163818102128,1.9683925600588736e-09,4.3357463068702206e-09,1.2501025770106367e-09,68,82,493,1,210,0,7,"ok"
grid18_E,1,-0.20000000000000001,-0.20000000000000001,0.10000000000000001,10,0,0,E,fast,4.5846335484465808,1.1122541088030842e-13,4.5846335692509532,2.0804372447003061e-08,4.5378484947945825e-09,2.1236041397587613e-10,62,82,493,1,240,0,7,"ok"
grid18_E,1,-0.20000000000000001,-0.20000000000000001,0.10000000000000001,10,0,0,E,event,4.5846335484465808,1.1122541088030842e-13,4.5846335740894117,2.5642830969729857e-08,5.5932127832590812e-09,2.6174892808761285e-10,900,86,517,4543,1560,0,10,"ok"
grid19_O,1,-0.20000000000000001,-0.20000000000000001,1,10,0,0,O,event,0.46171523920447488,6.9982236096158572e-13,0.46171523405684234,5.1476325424459901e-09,1.1148933596636851e-08,3.2440471420258632e-09,926,86,517,5117,1605,0,10,"ok"
grid19_O,1,-0.20000000000000001,-0.20000000000000001,1,10,0,0,O,fast,0.46171523920447488,6.9982236096158572e-13,0.46171524249341483,3.2889399537161523e-09,7.1233082091527296e-09,2.0726957927763578e-09,57,82,493,1,210,0,7,"ok"
grid19_E,1,-0.20000000000000001,-0.20000000000000001,1,10,0,0,E,fast,4.6623500810787393,1.1382067920442342e-13,4.6623500946731147,1.3594375403158665e-08,2.9157774870507581e-09,1.2838856366936824e-10,62,82,493,1,270,0,7,"ok"
grid19_E,1,-0.20000000000000001,-0.20000000000000001,1,10,0,0,E,event,4.6623500810787393,1.1382067920442342e-13,4.6623500219628129,5.911592637630747e-08,1.2679426758667953e-08,5.58305107006829e-10,945,86,517,5207,1695,0,10,"ok"
grid20_O,1,-0.20000000000000001,-0.20000000000000001,10,10,0,0,O,event,0.48064419535358321,7.0898345994602327e-13,0.48064419320531188,2.1482713385978514e-09,4.4695668009003784e-09,1.3284585653750014e-09,990,86,517,5648,1755,0,10,"ok"
grid20_O,1,-0.20000000000000001,-0.20000000000000001,10,10,0,0,O,fast,0.48064419535358321,7.0898345994602327e-13,0.48064418605431258,9.2992706313133056e-09,1.9347514692177546e-08,5.7505286088499474e-09,65,82,493,1,210,0,7,"ok"
grid20_E,1,-0.20000000000000001,-0.20000000000000001,10,10,0,0,E,fast,4.852747949974491,1.179145341300995e-13,4.8527478725066269,7.7467864123548225e-08,1.5963710648511106e-08,6.0478351146531217e-10,63,82,493,1,270,0,7,"ok"
grid20_E,1,-0.20000000000000001,-0.20000000000000001,10,10,0,0,E,event,4.852747949974491,1.179145341300995e-13,4.8527479502385127,2.6402169339689863e-10,5.4406636429218727e-11,2.0611897605382623e-12,968,86,517,5678,1785,0,10,"ok"
grid21_O,1,-0.20000000000000001,0,0.10000000000000001,10,0,0,O,event,0.10115827289688871,6.5214295752514392e-13,0.10115827225001173,6.4687698253518278e-10,6.3947017283949552e-09,5.8464100227695326e-10,754,86,517,4562,1605,0,10,"ok"
grid21_O,1,-0.20000000000000001,0,0.10000000000000001,10,0,0,O,fast,0.10115827289688871,6.5214295752514392e-13,0.10115827214502587,7.5186283587935776e-10,7.4325392708684978e-09,6.795261020542398e-10,66,82,493,1,300,0,7,"ok"
grid21_E,1,-0.20000000000000001,0,0.10000000000000001,10,0,0,E,fast,5.0547327932420396,3.4478070955320706e-13,5.0547327452552135,4.7986826068324717e-08,9.4934446648655768e-09,3.0611138103486812e-10,64,82,493,1,300,0,7,"ok"
grid21_E,1,-0.20000000000000001,0,0.10000000000000001,10,0,0,E,event,5.0547327932420396,3.4478070955320706e-13,5.0547327759949185,1.7247121064656312e-08,3.4120737475411106e-09,1.1002061154480325e-10,744,86,517,4562,1605,0,10,"ok"
grid22_O,1,-0.20000000000000001,0,1,10,0,0,O,event,0.10295105004858736,6.6306712000997215e-13,0.10295105094451144,8.9592408492045195e-10,8.7024278479687578e-09,8.082768898631798e-10,744,86,517,4550,1575,0,10,"ok"
grid22_O,1,-0.20000000000000001,0,1,10,0,0,O,fast,0.10295105004858736,6.6306712000997215e-13,0.10295105060417641,5.5558904699104517e-10,5.3966331254400712e-09,5.0123638573040807e-10,63,82,493,1,300,0,7,"ok"
grid22_E,1,-0.20000000000000001,0,1,10,0,0,E,fast,5.1436716208402302,3.5107752551949501e-13,5.1436716757147876,5.487455734254354e-08,1.0668363260246318e-08,3.2026008581209631e-10,61,82,493,1,270,0,7,"ok"
grid22_E,1,-0.20000000000000001,0,1,10,0,0,E,event,5.1436716208402302,3.5107752551949501e-13,5.14367168639754,6.5557309802954933e-08,1.274523621168608e-08,3.8260699643244411e-10,752,86,517,4580,1605,0,10,"ok"
grid23_O,1,-0.20000000000000001,0,10,10,0,0,O,event,0.10736357048292661,6.8973641450212574e-13,0.10736357135838603,8.7545942717426328e-10,8.1541571618418045e-09,7.8633688449514239e-10,746,86,517,4563,1605,0,10,"ok"
grid23_O,1,-0.20000000000000001,0,10,10,0,0,O,fast,0.10736357048292661,6.8973641450212574e-13,0.10736357212043143,1.6375048261796366e-09,1.5251959475770595e-08,1.4708052553658035e-09,74,82,493,1,360,0,7,"ok"
grid23_E,1,-0.20000000000000001,0,10,10,0,0,E,fast,5.3624057665464271,3.6839065332944405e-13,5.3624058668412893,1.0029486219309547e-07,1.8703333272313855e-08,4.7034380643712348e-10,70,82,493,1,360,0,7,"ok"
grid23_E,1,-0.20000000000000001,0,10,10,0,0,E,event,5.3624057665464271,3.6839065332944405e-13,5.3624057571453436,9.4010834672531018e-09,1.753146605559415e-09,4.4087419479033052e-11,759,86,517,4563,1605,0,10,"ok"
grid24_O,1,-0.20000000000000001,0.20000000000000001,0.10000000000000001,10,0,0,O,event,1.253943735656649,1.0199606765779153e-12,1.253943734501725,1.1549239342656392e-09,9.2103329792611757e-10,3.295888562071525e-10,915,86,517,4560,1590,0,10,"ok"
grid24_O,1,-0.20000000000000001,0.20000000000000001,0.10000000000000001,10,0,0,O,fast,1.253943735656649,1.0199606765779153e-12,1.2539437296247433,6.0319056416346939e-09,4.8103479208147914e-09,1.7213678815686251e-09,70,82,493,1,345,0,7,"ok"
grid24_E,1,-0.20000000000000001,0.20000000000000001,0.10000000000000001,10,0,0,E,fast,5.0287383045721397,7.5109083022922707e-13,5.028738278537884,2.6034255640183801e-08,5.1770949417895536e-09,1.7044798645421411e-10,69,82,493,1,345,0,7,"ok"
grid24_E,1,-0.20000000000000001,0.20000000000000001,0.10000000000000001,10,0,0,E,event,5.0287383045721397,7.5109083022922707e-13,5.0287383058540591,1.2819194594726468e-09,2.5491870561391572e-10,8.3928107519337658e-12,916,86,517,4560,1590,0,10,"ok"
grid25_O,1,-0.20000000000000001,0.20000000000000001,1,10,0,0,O,event,1.2760444320008668,1.0383153670584267e-12,1.2760444420243515,1.0023484708909791e-08,7.8551220142019176e-09,2.7979482619677754e-09,976,86,517,5271,1755,0,10,"ok"
grid25_O,1,-0.20000000000000001,0.20000000000000001,1,10,0,0,O,fast,1.2760444320008668,1.0383153670584267e-12,1.2760444381782463,6.1773794968189577e-09,4.8410379308913923e-09,1.7243492189678022e-09,71,82,493,1,360,0,7,"ok"
grid25_E,1,-0.20000000000000001,0.20000000000000001,1,10,0,0,E,fast,5.1169644496174689,7.6667253747554703e-13,5.1169644838293484,3.4211879551548918e-08,6.6859717100646477e-09,2.0507253620932753e-10,68,82,493,1,330,0,7,"ok"
grid25_E,1,-0.20000000000000001,0.20000000000000001,1,10,0,0,E,event,5.1169644496174689,7.6667253747554703e-13,5.1169644922746009,4.2657132048873336e-08,8.3364136039800462e-09,2.5569499035454912e-10,940,86,517,5241,1725,0,10,"ok"
grid26_O,1,-0.20000000000000001,0.20000000000000001,10,10,0,0,O,event,1.3304103314172444,1.0834862681256339e-12,1.3304103249223997,6.4948446620860523e-09,4.8818357079107303e-09,1.7170340704808496e-09,1003,86,517,5740,1845,0,10,"ok"
grid26_O,1,-0.20000000000000001,0.20000000000000001,10,10,0,0,O,fast,1.3304103314172444,1.0834862681256339e-12,1.3304103384190222,7.0017778242004169e-09,5.2628709044536975e-09,1.8510513122294014e-09,77,82,493,1,345,0,7,"ok"
grid26_E,1,-0.20000000000000001,0.20000000000000001,10,10,0,0,E,fast,5.333886492676494,8.0783532325545685e-13,5.3338865140548624,2.1378368408875303e-08,4.0080283744748079e-09,1.0315661432697132e-10,70,82,493,1,345,0,7,"ok"
grid26_E,1,-0.20000000000000001,0.20000000000000001,10,10,0,0,E,event,5.333886492676494,8.0783532325545685e-13,5.3338864490453277,4.3631166235513774e-08,8.1799952615077239e-09,2.1053260350345493e-10,1015,86,517,5740,1845,0,10,"ok"
grid27_O,1,-0.20000000000000001,0.80000000000000004,0.10000000000000001,10,0,0,O,event,1.5414448024587857,1.0855153035742564e-12,1.5414448028562497,3.9746406166329962e-10,2.5785163440773081e-10,8.5085744006008213e-11,865,86,517,4503,1530,0,10,"ok"
grid27_O,1,-0.20000000000000001,0.80000000000000004,0.10000000000000001,10,0,0,O,fast,1.5414448024587857,1.0855153035742564e-12,1.5414448055302143,3.0714286669564217e-09,1.992564808066518e-09,6.5750560551691706e-10,70,82,493,1,315,0,7,"ok"
grid27_E,1,-0.20000000000000001,0.80000000000000004,0.10000000000000001,10,0,0,E,fast,1.6731688530974627,1.0916759291428631e-12,1.6731688564828113,3.3853486680612832e-09,2.0233156156320615e-09,6.3526567339877715e-10,76,82,493,1,315,0,7,"ok"
grid27_E,1,-0.20000000000000001,0.80000000000000004,0.10000000000000001,10,0,0,E,event,1.6731688530974627,1.0916759291428631e-12,1.6731688534948457,3.9738301538250198e-10,2.3750323504220425e-10,7.456951722772942e-11,896,86,517,4503,1530,0,10,"ok"
grid28_O,1,-0.20000000000000001,0.80000000000000004,1,10,0,0,O,event,1.5650539469207452,1.1045055598586701e-12,1.5650539454917816,1.4289636141029405e-09,9.1304431832170171e-10,2.9876306983922518e-10,958,86,517,5349,1710,0,10,"ok"
grid28_O,1,-0.20000000000000001,0.80000000000000004,1,10,0,0,O,fast,1.5650539469207452,1.1045055598586701e-12,1.5650539416563829,5.2643622794334988e-09,3.3636938137443565e-09,1.1006556777104493e-09,67,82,493,1,315,0,7,"ok"
grid28_E,1,-0.20000000000000001,0.80000000000000004,1,10,0,0,E,fast,1.6987843570823327,1.1113183151353522e-12,1.6987843512650498,5.8172828776292818e-09,3.4243798239468622e-09,1.0640144321172329e-09,68,82,493,1,315,0,7,"ok"
grid28_E,1,-0.20000000000000001,0.80000000000000004,1,10,0,0,E,event,1.6987843570823327,1.1113183151353522e-12,1.698784355562263,1.5200696257267055e-09,8.9479845949219218e-10,2.7802946056532107e-10,961,86,517,5349,1710,0,10,"ok"
grid29_O,1,-0.20000000000000001,0.80000000000000004,10,10,0,0,O,event,1.622337347482369,1.1516315466971198e-12,1.6223373474699685,1.2400525051248223e-11,7.6436168288254166e-12,2.4483193250546265e-12,1110,86,517,7071,2025,0,10,"ok"
grid29_O,1,-0.20000000000000001,0.80000000000000004,10,10,0,0,O,fast,1.622337347482369,1.1516315466971198e-12,1.6223373539186521,6.4362830620723344e-09,3.9672902014248193e-09,1.2707583596505145e-09,76,82,493,1,405,0,7,"ok"
grid29_E,1,-0.20000000000000001,0.80000000000000004,10,10,0,0,E,fast,1.7609332973276095,1.1591844574615816e-12,1.7609333044260929,7.0984833566711814e-09,4.0310915623231342e-09,1.2201183396953752e-09,81,82,493,1,405,0,7,"ok"
grid29_E,1,-0.20000000000000001,0.80000000000000004,10,10,0,0,E,event,1.7609332973276095,1.1591844574615816e-12,1.7609332972422693,8.5340179367676683e-11,4.8463039172005465e-11,1.4668627423830571e-11,1171,86,517,7071,2025,0,10,"ok"
grid30_O,1,-0.050000000000000003,-0.80000000000000004,0.10000000000000001,10,0,0,O,event,5.305605939205897,7.5829557008464034e-13,5.3056059068372452,3.2368651758929445e-08,6.1008397777416051e-09,1.6066794335939383e-10,893,86,517,4582,1620,0,10,"ok"
grid30_O,1,-0.050000000000000003,-0.80000000000000004,0.10000000000000001,10,0,0,O,fast,5.305605939205897,7.5829557008464034e-13,5.3056059073921906,3.1813706335981351e-08,5.996243727958241e-09,1.5791336641091114e-10,66,82,493,1,285,0,7,"ok"
grid30_E,1,-0.050000000000000003,-0.80000000000000004,0.10000000000000001,10,0,0,E,fast,5.9171900019160386,7.8726077766493669e-13,5.9171899663988734,3.5517165208887036e-08,6.00237024624632e-09,9.5639068279501638e-11,66,82,493,1,285,0,7,"ok"
grid30_E,1,-0.050000000000000003,-0.80000000000000004,0.10000000000000001,10,0,0,E,event,5.9171900019160386,7.8726077766493669e-13,5.9171899658976521,3.6018386495584309e-08,6.0870762108232518e-09,9.6988735185515873e-11,897,86,517,4582,1620,0,10,"ok"
grid31_O,1,-0.050000000000000003,-0.80000000000000004,1,10,0,0,O,event,5.382661142769444,7.7082364811001279e-13,5.3826611924759389,4.9706494920087607e-08,9.2345577032763045e-09,2.2842997719069169e-10,942,86,517,5386,1740,0,10,"ok"
grid31_O,1,-0.050000000000000003,-0.80000000000000004,1,10,0,0,O,fast,5.382661142769444,7.7082364811001279e-13,5.3826611919824758,4.9213031871886415e-08,9.1428812935762326e-09,2.2616223043642192e-10,59,82,493,1,225,0,7,"ok"
grid31_E,1,-0.050000000000000003,-0.80000000000000004,1,10,0,0,E,fast,6.0031245249773946,8.0040803666406856e-13,6.0031245798617414,5.4884346845085474e-08,9.1426300781745227e-09,1.3562027889602035e-10,58,82,493,1,225,0,7,"ok"
grid31_E,1,-0.050000000000000003,-0.80000000000000004,1,10,0,0,E,event,6.0031245249773946,8.0040803666406856e-13,6.0031245804706108,5.5493216244428822e-08,9.2440554936910598e-09,1.3712480673513938e-10,967,86,517,5386,1740,0,10,"ok"
grid32_O,1,-0.050000000000000003,-0.80000000000000004,10,10,0,0,O,event,5.5687254949244887,8.0028244461024734e-13,5.5687254270127964,6.7911692269717605e-08,1.2195194812819281e-08,2.5910620524149941e-10,1127,86,517,7125,2085,0,10,"ok"
grid32_O,1,-0.050000000000000003,-0.80000000000000004,10,10,0,0,O,fast,5.5687254949244887,8.0028244461024734e-13,5.5687253978577047,9.7066783943944301e-08,1.7430700082525887e-08,3.703428019981303e-10,60,82,493,1,255,0,7,"ok"
grid32_E,1,-0.050000000000000003,-0.80000000000000004,10,10,0,0,E,fast,6.2106290674646845,8.3201968172026908e-13,6.2106289591970958,1.0826758867210629e-07,1.7432628401409825e-08,2.1739850588134435e-10,60,82,493,1,255,0,7,"ok"
grid32_E,1,-0.050000000000000003,-0.80000000000000004,10,10,0,0,E,event,6.2106290674646845,8.3201968172026908e-13,6.2106289920146533,7.5450031111756743e-08,1.2148532828504136e-08,1.5150170007416364e-10,1100,86,517,7125,2085,0,10,"ok"
grid33_O,1,-0.050000000000000003,-0.20000000000000001,0.10000000000000001,10,0,0,O,event,2.777382367832903,6.5675289494517557e-13,2.7773823793224661,1.1489563078725951e-08,4.1368315763057374e-09,7.1466361994954042e-10,875,86,517,4568,1590,0,10,"ok"
grid33_O,1,-0.050000000000000003,-0.20000000000000001,0.10000000000000001,10,0,0,O,fast,2.777382367832903,6.5675289494517557e-13,2.7773823751041475,7.2712444953992872e-09,2.6180206872533695e-09,4.522795055139639e-10,65,82,493,1,285,0,7,"ok"
grid33_E,1,-0.050000000000000003,-0.20000000000000001,0.10000000000000001,10,0,0,E,fast,19.141759703187926,2.869203913408368e-13,19.14175975627807,5.3090143836698189e-08,2.7735247260394976e-09,2.5813879390836334e-16,65,82,493,1,285,0,7,"ok"
grid33_E,1,-0.050000000000000003,-0.20000000000000001,0.10000000000000001,10,0,0,E,event,19.141759703187926,2.869203913408368e-13,19.141759780284012,7.7096085959738048e-08,4.0276383757392082e-09,3.7486224352827618e-16,901,86,517,4598,1620,0,10,"ok"
grid34_O,1,-0.050000000000000003,-0.20000000000000001,1,10,0,0,O,event,2.8249241373826579,6.6788374209261987e-13,2.8249241202398037,1.7142854247254036e-08,6.0684299519410081e-09,1.0167967995355909e-09,954,86,517,5238,1725,0,10,"ok"
grid34_O,1,-0.050000000000000003,-0.20000000000000001,1,10,0,0,O,fast,2.8249241373826579,6.6788374209261987e-13,2.8249241767882727,3.9405614771226283e-08,1.3949264778393759e-08,2.3372713417457724e-09,64,82,493,1,270,0,7,"ok"
grid34_E,1,-0.050000000000000003,-0.20000000000000001,1,10,0,0,E,fast,19.469329062513015,2.9215694051672319e-13,19.469329329567792,2.6705477651489673e-07,1.3716691297241163e-08,9.3578938396784836e-16,64,82,493,1,270,0,7,"ok"
grid34_E,1,-0.050000000000000003,-0.20000000000000001,1,10,0,0,E,event,19.469329062513015,2.9215694051672319e-13,19.469328938153037,1.2435997831516943e-07,6.3874814543361354e-09,4.3577116184674879e-16,982,86,517,5268,1755,0,10,"ok"
grid35_O,1,-0.050000000000000003,-0.20000000000000001,10,10,0,0,O,event,2.9415119568698662,6.9452320079345814e-13,2.9415119131400891,4.37297771327394e-08,1.4866428480975243e-08,2.3083138733781539e-09,1011,86,517,5709,1815,0,10,"ok"
grid35_O,1,-0.050000000000000003,-0.20000000000000001,10,10,0,0,O,fast,2.9415119568698662,6.9452320079345814e-13,2.9415118942291181,6.2640748144104919e-08,2.1295425299158888e-08,3.3065457663572495e-09,64,82,493,1,270,0,7,"ok"
grid35_E,1,-0.050000000000000003,-0.20000000000000001,10,10,0,0,E,fast,20.272612848878389,3.0384739263184717e-13,20.272612414717013,4.3416137529561638e-07,2.1416152842855526e-08,6.813454883961124e-16,60,82,493,1,270,0,7,"ok"
grid35_E,1,-0.050000000000000003,-0.20000000000000001,10,10,0,0,E,event,20.272612848878389,3.0384739263184717e-13,20.272612556578114,2.923002746513248e-07,1.4418480579206481e-08,4.5871758899712836e-16,1014,86,517,5739,1845,0,10,"ok"
grid36_O,1,-0.050000000000000003,0,0.10000000000000001,10,0,0,O,event,0.025454246591024375,4.8613544797421235e-13,0.025454246548435325,4.2589050341934609e-11,1.6731609081273013e-09,4.1518677384999592e-11,766,86,517,4592,1635,0,10,"ok"
grid36_O,1,-0.050000000000000003,0,0.10000000000000001,10,0,0,O,fast,0.025454246591024375,4.8613544797421235e-13,0.025454246337246057,2.5377831780470927e-10,9.9699795433818125e-09,2.4740010040602556e-10,58,82,493,1,240,0,7,"ok"
grid36_E,1,-0.050000000000000003,0,0.10000000000000001,10,0,0,E,fast,20.363230878541529,7.4197892252388302e-13,20.363230676568818,2.0197271055621968e-07,9.9185002498329241e-09,2.8950357649865252e-16,58,82,493,1,240,0,7,"ok"
grid36_E,1,-0.050000000000000003,0,0.10000000000000001,10,0,0,E,event,20.363230878541529,7.4197892252388302e-13,20.36323085105802,2.7483508802106371e-08,1.3496634677490242e-09,3.939429924259655e-17,760,86,517,4622,1665,0,10,"ok"
grid37_O,1,-0.050000000000000003,0,1,10,0,0,O,event,0.025900717788918018,4.9462928640012784e-13,0.025900718189146747,4.0022872863088033e-10,1.5452418419157625e-08,3.8999559137664619e-10,762,86,517,4620,1635,0,10,"ok"
grid37_O,1,-0.050000000000000003,0,1,10,0,0,O,fast,0.025900717788918018,4.9462928640012784e-13,0.025900718104407743,3.1548972462269731e-10,1.2180732873653562e-08,3.0742319800936002e-10,56,82,493,1,225,0,7,"ok"
grid37_E,1,-0.050000000000000003,0,1,10,0,0,E,fast,20.720240275220682,7.5347666965073782e-13,20.720240524325156,2.4910447393722279e-07,1.2022277281944777e-08,2.4985926501783912e-16,56,82,493,1,225,0,7,"ok"
grid37_E,1,-0.050000000000000003,0,1,10,0,0,E,event,20.720240275220682,7.5347666965073782e-13,20.720240601195918,3.2597523613731028e-07,1.573221313109693e-08,3.2696293443877473e-16,747,86,517,4650,1665,0,10,"ok"
grid38_O,1,-0.050000000000000003,0,10,10,0,0,O,event,0.026998392173743092,5.1551011507296807e-13,0.02699839197495894,1.9878415233320901e-10,7.3628144614675885e-09,1.9348900259785751e-10,734,86,517,4594,1635,0,10,"ok"
grid38_O,1,-0.050000000000000003,0,10,10,0,0,O,fast,0.026998392173743092,5.1551011507296807e-13,0.026998392694960398,5.2121730542697975e-10,1.9305494270650765e-08,5.0733361955934697e-10,57,82,493,1,210,0,7,"ok"
grid38_E,1,-0.050000000000000003,0,10,10,0,0,E,fast,21.597925132909037,7.8466507183498848e-13,21.59792553919284,4.0628380304497114e-07,1.8811242308915649e-08,1.6942196518748378e-16,61,82,493,1,270,0,7,"ok"
grid38_E,1,-0.050000000000000003,0,10,10,0,0,E,event,21.597925132909037,7.8466507183498848e-13,21.597924954025441,1.788835959359858e-07,8.2824435604426913e-09,7.4595194324037857e-17,746,86,517,4624,1665,0,10,"ok"
grid39_O,1,-0.050000000000000003,0.20000000000000001,0.10000000000000001,10,0,0,O,event,3.5886118182763465,2.9523389749774732e-13,3.5886118413373462,2.3060999776447488e-08,6.4261616870904596e-09,6.3732919983183756e-10,882,86,517,4553,1590,0,10,"ok"
grid39_O,1,-0.050000000000000003,0.20000000000000001,0.10000000000000001,10,0,0,O,fast,3.5886118182763465,2.9523389749774732e-13,3.5886118077977969,1.0478549583581298e-08,2.9199451248015653e-09,2.895922009138463e-10,57,82,493,1,210,0,7,"ok"
grid39_E,1,-0.050000000000000003,0.20000000000000001,0.10000000000000001,10,0,0,E,fast,19.585811778774627,3.2925097241227046e-13,19.585811725068378,5.3706248337448415e-08,2.7420996864500915e-09,1.6750001423954169e-16,56,82,493,1,210,0,7,"ok"
grid39_E,1,-0.050000000000000003,0.20000000000000001,0.10000000000000001,10,0,0,E,event,19.585811778774627,3.2925097241227046e-13,19.58581190578186,1.2700723317493612e-07,6.4846550456782872e-09,3.9611240965359658e-16,886,86,517,4553,1590,0,10,"ok"
grid40_O,1,-0.050000000000000003,0.20000000000000001,1,10,0,0,O,event,3.6505605423221796,3.0075116539365269e-13,3.6505605602890361,1.7966856447060309e-08,4.9216705869590388e-09,4.6671718573199072e-10,960,86,517,5271,1755,0,10,"ok"
grid40_O,1,-0.050000000000000003,0.20000000000000001,1,10,0,0,O,fast,3.6505605423221796,3.0075116539365269e-13,3.650560592032023,4.9709843352729877e-08,1.3617043951586859e-08,1.2912908797790834e-09,66,82,493,1,285,0,7,"ok"
grid40_E,1,-0.050000000000000003,0.20000000000000001,1,10,0,0,E,fast,19.92381708492012,3.3246452667859742e-13,19.923817361415843,2.7649572231780439e-07,1.387764810022662e-08,6.1501334319835124e-16,69,82,493,1,285,0,7,"ok"
grid40_E,1,-0.050000000000000003,0.20000000000000001,1,10,0,0,E,event,19.92381708492012,3.3246452667859742e-13,19.923817176060503,9.1140382352250526e-08,4.5744438409461502e-09,2.0272485956013765e-16,956,86,517,5271,1755,0,10,"ok"
grid41_O,1,-0.050000000000000003,0.20000000000000001,10,10,0,0,O,event,3.8026113607672323,3.1305517772354293e-13,3.8026112766083409,8.415889141133448e-08,2.2131867663266592e-08,1.8777894447707943e-09,1013,86,517,5765,1875,0,10,"ok"
grid41_O,1,-0.050000000000000003,0.20000000000000001,10,10,0,0,O,fast,3.8026113607672323,3.1305517772354293e-13,3.802611321637607,3.9129625317713135e-08,1.0290198394036819e-08,8.7307704121908358e-10,62,82,493,1,285,0,7,"ok"
grid41_E,1,-0.050000000000000003,0.20000000000000001,10,10,0,0,E,fast,20.753413793547974,3.3849354105480831e-13,20.753413568923254,2.2462472060169603e-07,1.0823507054609473e-08,2.1795383118212584e-16,62,82,493,1,285,0,7,"ok"
grid41_E,1,-0.050000000000000003,0.20000000000000001,10,10,0,0,E,event,20.753413793547974,3.3849354105480831e-13,20.75341333427501,4.592729645480631e-07,2.2129996014961473e-08,4.4563356018960218e-16,1007,86,517,5765,1875,0,10,"ok"
grid42_O,1,-0.050000000000000003,0.80000000000000004,0.10000000000000001,10,0,0,O,event,5.6647180474296261,5.9231522243710387e-13,5.6647180153412338,3.2088392387663589e-08,5.6646053905937551e-09,1.1122237852934092e-10,894,86,517,4562,1590,0,10,"ok"
grid42_O,1,-0.050000000000000003,0.80000000000000004,0.10000000000000001,10,0,0,O,fast,5.6647180474296261,5.9231522243710387e-13,5.6647180635440719,1.6114445777759556e-08,2.8447039451630799e-09,5.5854681556971597e-11,65,82,493,1,255,0,7,"ok"
grid42_E,1,-0.050000000000000003,0.80000000000000004,0.10000000000000001,10,0,0,E,fast,6.2445014646524246,5.8964792953807615e-13,6.2445014823459895,1.7693564835497e-08,2.8334631572517121e-09,3.4344943772648961e-11,65,82,493,1,255,0,7,"ok"
grid42_E,1,-0.050000000000000003,0.80000000000000004,0.10000000000000001,10,0,0,E,event,6.2445014646524246,5.8964792953807615e-13,6.2445014291959371,3.5456487523788383e-08,5.6780333425323213e-09,6.8824519651108917e-11,905,86,517,4562,1590,0,10,"ok"
grid43_O,1,-0.050000000000000003,0.80000000000000004,1,10,0,0,O,event,5.7486182005212259,6.0307707852962957e-13,5.748618245660758,4.5139532112159486e-08,7.852240405888618e-09,1.4386789199197225e-10,964,86,517,5402,1770,0,10,"ok"
grid43_O,1,-0.050000000000000003,0.80000000000000004,1,10,0,0,O,fast,5.7486182005212259,6.0307707852962957e-13,5.7486181720992473,2.8421978548465177e-08,4.9441409321440348e-09,9.0586014384053115e-11,61,82,493,1,255,0,7,"ok"
grid43_E,1,-0.050000000000000003,0.80000000000000004,1,10,0,0,E,fast,6.3369859172215852,5.9963112798175567e-13,6.3369858860622523,3.1159332891661506e-08,4.9170588823595074e-09,5.5140429331898555e-11,65,82,493,1,255,0,7,"ok"
grid43_E,1,-0.050000000000000003,0.80000000000000004,1,10,0,0,E,event,6.3369859172215852,5.9963112798175567e-13,6.3369859670689701,4.9847384886447799e-08,7.8661031502344095e-09,8.8211326264298062e-11,983,86,517,5402,1770,0,10,"ok"
grid44_O,1,-0.050000000000000003,0.80000000000000004,10,10,0,0,O,event,5.951556992449099,6.2838971965583169e-13,5.9515569091390361,8.3310062848340749e-08,1.3998028239339466e-08,2.1675499763118555e-10,1119,86,517,7158,2115,0,10,"ok"
grid44_O,1,-0.050000000000000003,0.80000000000000004,10,10,0,0,O,fast,5.951556992449099,6.2838971965583169e-13,5.9515570310388988,3.8589799800092806e-08,6.4839839136301185e-09,1.0040241424716378e-10,64,82,493,1,270,0,7,"ok"
grid44_E,1,-0.050000000000000003,0.80000000000000004,10,10,0,0,E,fast,6.5606879096377027,6.2484330159723586e-13,6.5606879519662114,4.2328508698119549e-08,6.4518400023172314e-09,5.9891115287633023e-11,63,82,493,1,270,0,7,"ok"
grid44_E,1,-0.050000000000000003,0.80000000000000004,10,10,0,0,E,event,6.5606879096377027,6.2484330159723586e-13,6.5606878175327061,9.2104996518571625e-08,1.4038923629223187e-08,1.3032047489758281e-10,1119,86,517,7158,2115,0,10,"ok"
grid45_O,1,-0.0050000000000000001,-0.80000000000000004,0.10000000000000001,10,0,0,O,event,54.69646164869097,8.1415059565046751e-13,54.696461182553719,4.6613725146471552e-07,8.5222560548552672e-09,8.2062064485368861e-31,919,86,517,4584,1620,0,10,"ok"
grid45_O,1,-0.0050000000000000001,-0.80000000000000004,0.10000000000000001,10,0,0,O,fast,54.69646164869097,8.1415059565046751e-13,54.69646148824836,1.6044261030856433e-07,2.9333270466208325e-09,2.8245435840444614e-31,57,82,493,1,225,0,7,"ok"
grid45_E,1,-0.0050000000000000001,-0.80000000000000004,0.10000000000000001,10,0,0,E,fast,60.672716954915323,9.1299271975810707e-13,60.67271677693121,1.7798411278135973e-07,2.9335114976574421e-09,7.9534416855131192e-34,57,82,493,1,225,0,7,"ok"
grid45_E,1,-0.0050000000000000001,-0.80000000000000004,0.10000000000000001,10,0,0,E,event,60.672716954915323,9.1299271975810707e-13,60.672716437847747,5.1706757631109213e-07,8.5222419937995298e-09,2.3105812354375994e-33,913,86,517,4584,1620,0,10,"ok"
grid46_O,1,-0.0050000000000000001,-0.80000000000000004,1,10,0,0,O,event,55.497692225715014,8.2977983949085282e-13,55.497692379763151,1.5404813780151017e-07,2.7757575427637607e-09,1.2170682340152621e-31,981,86,517,5417,1770,0,10,"ok"
grid46_O,1,-0.0050000000000000001,-0.80000000000000004,1,10,0,0,O,fast,55.497692225715014,8.2977983949085282e-13,55.497692604629343,3.789143292465269e-07,6.8275691123415016e-09,2.9936391847676366e-31,60,82,493,1,240,0,7,"ok"
grid46_E,1,-0.0050000000000000001,-0.80000000000000004,1,10,0,0,E,fast,61.56149145060192,9.1931874509924128e-13,61.561491870937026,4.2033510538885821e-07,6.8278902197511388e-09,7.7228844465407294e-34,59,82,493,1,240,0,7,"ok"
grid46_E,1,-0.0050000000000000001,-0.80000000000000004,1,10,0,0,E,event,61.56149145060192,9.1931874509924128e-13,61.561491621453463,1.7085154269125269e-07,2.7752989517537455e-09,3.1390832412457901e-34,977,86,517,5417,1770,0,10,"ok"
grid47_O,1,-0.0050000000000000001,-0.80000000000000004,10,10,0,0,O,event,57.433843433632568,8.5460484465161382e-13,57.433842172419446,1.261213121495075e-06,2.1959406616283036e-08,1.4374325552435858e-31,1093,86,517,7152,2115,0,10,"ok"
grid47_O,1,-0.0050000000000000001,-0.80000000000000004,10,10,0,0,O,fast,57.433843433632568,8.5460484465161382e-13,57.433842797817704,6.358148638696548e-07,1.1070386828706109e-08,7.2465206950773945e-32,59,82,493,1,225,0,7,"ok"
grid47_E,1,-0.0050000000000000001,-0.80000000000000004,10,10,0,0,E,fast,63.709190020637813,9.5257338613186587e-13,63.709189315318362,7.053194508443994e-07,1.1070921645933967e-08,1.5129909888492495e-34,58,82,493,1,225,0,7,"ok"
grid47_E,1,-0.0050000000000000001,-0.80000000000000004,10,10,0,0,E,event,63.709190020637813,9.5257338613186587e-13,63.709188621630204,1.3990076084269276e-06,2.1959274760418964e-08,3.0010325625535441e-34,1141,86,517,7152,2115,0,10,"ok"
grid48_O,1,-0.0050000000000000001,-0.20000000000000001,0.10000000000000001,10,0,0,O,event,31.270487666917688,4.7184750843850061e-13,31.2704878608514,1.9393371175624452e-07,6.2018128345793224e-09,5.0939306421165385e-21,899,86,517,4580,1620,0,10,"ok"
grid48_O,1,-0.0050000000000000001,-0.20000000000000001,0.10000000000000001,10,0,0,O,fast,31.270487666917688,4.7184750843850061e-13,31.270487683075707,1.6158018922851625e-08,5.1671784255369468e-10,4.2441220940781052e-22,58,82,493,1,225,0,7,"ok"
grid48_E,1,-0.0050000000000000001,-0.20000000000000001,0.10000000000000001,10,0,0,E,fast,193.50511332414487,2.8796137432213088e-12,193.50511342423277,1.0008790241045062e-07,5.1723647345065802e-10,9.1659741715202344e-92,56,82,493,1,195,0,7,"ok"
grid48_E,1,-0.0050000000000000001,-0.20000000000000001,0.10000000000000001,10,0,0,E,event,193.50511332414487,2.8796137432213088e-12,193.50511452397532,1.1998304501048551e-06,6.2005103094872304e-09,1.098795019710612e-90,885,86,517,4580,1620,0,10,"ok"
grid49_O,1,-0.0050000000000000001,-0.20000000000000001,1,10,0,0,O,event,31.807528434376284,4.7858293248418027e-13,31.807528374656076,5.9720207445934648e-08,1.8775494477399091e-09,9.1682667115903483e-22,966,86,517,5270,1755,0,10,"ok"
grid49_O,1,-0.0050000000000000001,-0.20000000000000001,1,10,0,0,O,fast,31.807528434376284,4.7858293248418027e-13,31.807528944303993,5.0992770894708883e-07,1.603166715701116e-08,7.8284254274902904e-21,58,82,493,1,225,0,7,"ok"
grid49_E,1,-0.0050000000000000001,-0.20000000000000001,1,10,0,0,E,fast,196.82836958318978,2.9468174365367735e-12,196.82837273823466,3.1550448795769626e-06,1.6029421400269631e-08,1.0411901819724741e-91,56,82,493,1,195,0,7,"ok"
grid49_E,1,-0.0050000000000000001,-0.20000000000000001,1,10,0,0,E,event,196.82836958318978,2.9468174365367735e-12,196.82836921288413,3.7030565636086976e-07,1.8813632259670755e-09,1.222040599027653e-92,949,86,517,5270,1755,0,10,"ok"
grid50_O,1,-0.0050000000000000001,-0.20000000000000001,10,10,0,0,O,event,33.124972443618667,4.9871668184992084e-13,33.124971793308816,6.5030985041403255e-07,1.9632011815886385e-08,2.6737926692021933e-21,1027,86,517,5731,1845,0,10,"ok"
grid50_O,1,-0.0050000000000000001,-0.20000000000000001,10,10,0,0,O,fast,33.124972443618667,4.9871668184992084e-13,33.124971823406646,6.2021202040796197e-07,1.8723397323986068e-08,2.5500433790020729e-21,61,82,493,1,225,0,7,"ok"
grid50_E,1,-0.0050000000000000001,-0.20000000000000001,10,10,0,0,E,fast,204.98082848928178,3.0705603477130059e-12,204.98082465035833,3.8389234475744161e-06,1.872820729561618e-08,3.6489471784517652e-95,55,82,493,1,195,0,7,"ok"
grid50_E,1,-0.0050000000000000001,-0.20000000000000001,10,10,0,0,E,event,204.98082848928178,3.0705603477130059e-12,204.98082446573926,4.023542516051748e-06,1.9628872347260194e-08,3.8244303819706211e-95,999,86,517,5731,1845,0,10,"ok"
grid51_O,1,-0.0050000000000000001,0,0.10000000000000001,10,0,0,O,event,0.0025465791360205501,4.8279181696847411e-14,0.0025465791329814329,3.0391171350341306e-12,1.1934116211221506e-09,3.0314639687389899e-12,762,86,517,4591,1635,0,10,"ok"
grid51_O,1,-0.0050000000000000001,0,0.10000000000000001,10,0,0,O,fast,0.0025465791360205501,4.8279181696847411e-14,0.0025465791108314605,2.5189089529475961e-11,9.8913437140767854e-09,2.5125013181082068e-11,58,82,493,1,225,0,7,"ok"
grid51_E,1,-0.0050000000000000001,0,0.10000000000000001,10,0,0,E,fast,203.72631854459115,3.0254433608430482e-12,203.72631653084557,2.0137455862823117e-06,9.8845627833870056e-09,6.7110283964813303e-95,58,82,493,1,225,0,7,"ok"
grid51_E,1,-0.0050000000000000001,0,0.10000000000000001,10,0,0,E,event,203.72631854459115,3.0254433608430482e-12,203.72631830097797,2.4361318651244801e-07,1.1957865250440213e-09,8.1186698915717184e-96,778,86,517,4621,1665,0,10,"ok"
grid52_O,1,-0.0050000000000000001,0,1,10,0,0,O,event,0.0025912158950315745,4.9125143012807098e-14,0.002591215936101501,4.106992653948871e-11,1.5849673745146684e-08,4.0963676894989476e-11,747,86,517,4621,1635,0,10,"ok"
grid52_O,1,-0.0050000000000000001,0,1,10,0,0,O,fast,0.0025912158950315745,4.9125143012807098e-14,0.002591215925953046,3.0921471546457857e-11,1.193318997685489e-08,3.0841440512574536e-11,59,82,493,1,225,0,7,"ok"
grid52_E,1,-0.0050000000000000001,0,1,10,0,0,E,fast,207.29724255891139,3.0792593684273178e-12,207.2972450290365,2.4701251106762356e-06,1.1915860916356646e-08,2.3156336777240029e-96,60,82,493,1,225,0,7,"ok"
grid52_E,1,-0.0050000000000000001,0,1,10,0,0,E,event,207.29724255891139,3.0792593684273178e-12,207.29724584669486,3.2877834712508047e-06,1.5860237360930917e-08,3.0821511774483674e-96,740,86,517,4651,1665,0,10,"ok"
grid53_O,1,-0.0050000000000000001,0,10,10,0,0,O,event,0.0027009499258336895,5.1205607855290894e-14,0.0027009499022966248,2.3537064658407658e-11,8.7143654287269257e-09,2.3473556431952147e-11,740,86,517,4595,1635,0,10,"ok"
grid53_O,1,-0.0050000000000000001,0,10,10,0,0,O,fast,0.0027009499258336895,5.1205607855290894e-14,0.0027009499759472382,5.0113548727415136e-11,1.8554045837020405e-08,4.9978354788038359e-11,57,82,493,1,225,0,7,"ok"
grid53_E,1,-0.0050000000000000001,0,10,10,0,0,E,fast,216.0759196797197,3.2038405780289837e-12,216.07592368580416,4.0060844526124129e-06,1.854017078141083e-08,5.7828195617958193e-100,56,82,493,1,225,0,7,"ok"
grid53_E,1,-0.0050000000000000001,0,10,10,0,0,E,event,216.0759196797197,3.2038405780289837e-12,216.0759178023859,1.8773338013033936e-06,8.688306425288329e-09,2.709956491392646e-100,772,86,517,4625,1665,0,10,"ok"
grid54_O,1,-0.0050000000000000001,0.20000000000000001,0.10000000000000001,10,0,0,O,event,32.082473635293503,5.0621468913667186e-13,32.082473844819788,2.0952628432269194e-07,6.5308643811116497e-09,2.4434148001368365e-21,887,86,517,4580,1620,0,10,"ok"
grid54_O,1,-0.0050000000000000001,0.20000000000000001,0.10000000000000001,10,0,0,O,fast,32.082473635293503,5.0621468913667186e-13,32.082473633109387,2.1841159991708992e-09,6.8078167039095833e-11,2.5470322811496262e-23,57,82,493,1,225,0,7,"ok"
grid54_E,1,-0.0050000000000000001,0.20000000000000001,0.10000000000000001,10,0,0,E,fast,193.94916198794084,2.8850659045876935e-12,193.94916197511742,1.2823420547647402e-08,6.6117432095142137e-11,7.5327415889344442e-93,56,82,493,1,225,0,7,"ok"
grid54_E,1,-0.0050000000000000001,0.20000000000000001,0.10000000000000001,10,0,0,E,event,193.94916198794084,2.8850659045876935e-12,193.94916325442381,1.2664829682762502e-06,6.5299739132412247e-09,7.4395772478778351e-91,893,86,517,4580,1620,0,10,"ok"
grid55_O,1,-0.0050000000000000001,0.20000000000000001,1,10,0,0,O,event,32.633923504172124,5.2053942489106247e-13,32.633923480613305,2.35588188957081e-08,7.2191193598576011e-10,1.5827802390017904e-22,956,86,517,5271,1755,0,10,"ok"
grid55_O,1,-0.0050000000000000001,0.20000000000000001,1,10,0,0,O,fast,32.633923504172124,5.2053942489106247e-13,32.633924032274507,5.2810238315714741e-07,1.6182619999389026e-08,3.5480122607840357e-21,60,82,493,1,225,0,7,"ok"
grid55_E,1,-0.0050000000000000001,0.20000000000000001,1,10,0,0,E,fast,197.28284942712872,2.944981875398374e-12,197.28285261963924,3.1925105190566683e-06,1.6182402719380332e-08,6.6877304933576638e-92,62,82,493,1,225,0,7,"ok"
grid55_E,1,-0.0050000000000000001,0.20000000000000001,1,10,0,0,E,event,197.28284942712872,2.944981875398374e-12,197.28284928394282,1.4318590046968893e-07,7.2578990462411261e-10,2.9994899121708388e-93,973,86,517,5271,1755,0,10,"ok"
grid56_O,1,-0.0050000000000000001,0.20000000000000001,10,10,0,0,O,event,33.986832713063443,5.3868208371980588e-13,33.986832016215423,6.9684801928815432e-07,2.050347042254127e-08,1.2101642429891998e-21,1027,86,517,5731,1845,0,10,"ok"
grid56_O,1,-0.0050000000000000001,0.20000000000000001,10,10,0,0,O,fast,33.986832713063443,5.3868208371980588e-13,33.986832113293985,5.9976945721018637e-07,1.7647112405965807e-08,1.0415750578371374e-21,62,82,493,1,225,0,7,"ok"
grid56_E,1,-0.0050000000000000001,0.20000000000000001,10,10,0,0,E,fast,205.46160761056228,3.0582906871198042e-12,205.46160398397382,3.6265884659769654e-06,1.7650930060135145e-08,2.131359137746766e-95,59,82,493,1,225,0,7,"ok"
grid56_E,1,-0.0050000000000000001,0.20000000000000001,10,10,0,0,E,event,205.46160761056228,3.0582906871198042e-12,205.46160339843442,4.2121278625018022e-06,2.0500802614596435e-08,2.4754834803111901e-95,1011,86,517,5731,1845,0,10,"ok"
grid57_O,1,-0.0050000000000000001,0.80000000000000004,0.10000000000000001,10,0,0,O,event,55.05557972709915,8.1902891453272999e-13,55.055579259229212,4.6786993834757595e-07,8.4981384387690608e-09,5.7516277443630587e-31,912,86,517,4589,1620,0,10,"ok"
grid57_O,1,-0.0050000000000000001,0.80000000000000004,0.10000000000000001,10,0,0,O,fast,55.05557972709915,8.1902891453272999e-13,55.055579628775206,9.8323944541789388e-08,1.7859033549217706e-09,1.2087175864318678e-31,58,82,493,1,225,0,7,"ok"
grid57_E,1,-0.0050000000000000001,0.80000000000000004,0.10000000000000001,10,0,0,E,fast,61.000026613466794,9.111174003457853e-13,61.000026504514722,1.0895207225303238e-07,1.7860987658811834e-09,3.5096237844624564e-34,57,82,493,1,225,0,7,"ok"
grid57_E,1,-0.0050000000000000001,0.80000000000000004,0.10000000000000001,10,0,0,E,event,61.000026613466794,9.111174003457853e-13,61.000026095078759,5.1838803472037398e-07,8.4981607959812102e-09,1.6698602514167847e-33,926,86,517,4589,1620,0,10,"ok"
grid58_O,1,-0.0050000000000000001,0.80000000000000004,1,10,0,0,O,event,55.863652872647748,8.3074968641453223e-13,55.863653228588547,3.5594079861311911e-07,6.3715990686208186e-09,1.9503004080628537e-31,984,86,517,5404,1770,0,10,"ok"
grid58_O,1,-0.0050000000000000001,0.80000000000000004,1,10,0,0,O,fast,55.863652872647748,8.3074968641453223e-13,55.8636531370718,2.644240524318775e-07,4.7333827781488699e-09,1.4488543122249078e-31,59,82,493,1,225,0,7,"ok"
grid58_E,1,-0.0050000000000000001,0.80000000000000004,1,10,0,0,E,fast,61.895348534678057,9.1946664551071452e-13,61.895348827675264,2.9299720694098141e-07,4.7337516287968568e-09,3.8552726070187488e-34,65,82,493,1,225,0,7,"ok"
grid58_E,1,-0.0050000000000000001,0.80000000000000004,1,10,0,0,E,event,61.895348534678057,9.1946664551071452e-13,61.895348929019107,3.9434105048030688e-07,6.3710934636610008e-09,5.1887599508389632e-34,986,86,517,5404,1770,0,10,"ok"
grid59_O,1,-0.0050000000000000001,0.80000000000000004,10,10,0,0,O,event,57.816671737686328,8.6343088296803746e-13,57.816670445957186,1.2917291414282772e-06,2.2341810806558353e-08,1.0039457375565716e-31,1145,86,517,7155,2115,0,10,"ok"
grid59_O,1,-0.0050000000000000001,0.80000000000000004,10,10,0,0,O,fast,57.816671737686328,8.6343088296803746e-13,57.816671295686909,4.4199941839906387e-07,7.6448436949883738e-09,3.4352654083078667e-32,61,82,493,1,225,0,7,"ok"
grid59_E,1,-0.0050000000000000001,0.80000000000000004,10,10,0,0,E,fast,64.059237487909343,9.5278213712657312e-13,64.05923699814818,4.897611631804466e-07,7.6454416628497174e-09,7.4030570158201655e-35,58,82,493,1,225,0,7,"ok"
grid59_E,1,-0.0050000000000000001,0.80000000000000004,10,10,0,0,E,event,64.059237487909343,9.5278213712657312e-13,64.059236056709651,1.4311996920923775e-06,2.2341815922528031e-08,2.1633519976802739e-34,1151,86,517,7155,2115,0,10,"ok"
ultracold60_O,1,-0.001,-0.20000000000000001,1,10,0,0,O,event,160.68283191453128,2.395355071245863e-12,160.68283168573413,2.2879714833834441e-07,1.4239053768982849e-09,3.7651598584408145e-77,962,86,517,5270,1755,0,10,"ok"
ultracold60_O,1,-0.001,-0.20000000000000001,1,10,0,0,O,fast,160.68283191453128,2.395355071245863e-12,160.68283450371095,2.5891796724408778e-06,1.6113604929604969e-08,4.2608317908032917e-76,59,82,493,1,225,0,7,"ok"
ultracold60_E,1,-0.001,-0.20000000000000001,1,10,0,0,E,fast,985.05516193912536,1.4786350730723493e-11,985.05517781189451,1.587276915415714e-05,1.611358405849159e-08,0,62,82,493,1,225,0,7,"ok"
ultracold60_E,1,-0.001,-0.20000000000000001,1,10,0,0,E,event,985.05516193912536,1.4786350730723493e-11,985.05516053634904,1.4027763199919718e-06,1.4240586458432883e-09,0,940,86,517,5270,1755,0,10,"ok"
ultracold61_O,1,-0.001,0,1,10,0,0,O,event,0.00051824540662163889,1.3860235424970383e-12,0.00051824541487894302,8.2573041286504445e-12,1.5933193084099913e-08,8.2530648981560262e-12,748,86,517,4621,1635,0,10,"ok"
ultracold61_O,1,-0.001,0,1,10,0,0,O,fast,0.00051824540662163889,1.3860235424970383e-12,0.00051824541285709277,6.235453884999298e-12,1.2031855575232689e-08,6.2322369487333162e-12,56,82,493,1,225,0,7,"ok"
ultracold61_E,1,-0.001,0,1,10,0,0,E,fast,1036.4908074430155,1.548589230220137e-11,1036.4908197895259,1.2346510402494459e-05,1.1911837822230999e-08,0,56,82,493,1,225,0,7,"ok"
ultracold61_E,1,-0.001,0,1,10,0,0,E,event,1036.4908074430155,1.548589230220137e-11,1036.4908239702374,1.6527221987416851e-05,1.5945362823032554e-08,0,753,86,517,4651,1665,0,10,"ok"
ultracold62_O,1,-0.001,0.20000000000000001,1,10,0,0,O,event,161.50923434898058,2.4021416533961296e-12,161.50923415635137,1.9262921568952152e-07,1.1926823655995948e-09,1.3872442843823324e-77,967,86,517,5270,1755,0,10,"ok"
ultracold62_O,1,-0.001,0.20000000000000001,1,10,0,0,O,fast,161.50923434898058,2.4021416533961296e-12,161.50923695651269,2.6075321102325688e-06,1.6144786524084138e-08,1.8778454439850142e-76,56,82,493,1,225,0,7,"ok"
ultracold62_E,1,-0.001,0.20000000000000001,1,10,0,0,E,fast,985.5096417038518,1.4631745881536471e-11,985.50965761467796,1.5910826164144964e-05,1.6144769661143721e-08,0,56,82,493,1,225,0,7,"ok"
ultracold62_E,1,-0.001,0.20000000000000001,1,10,0,0,E,event,985.5096417038518,1.4631745881536471e-11,985.50964052829954,1.1755522564271814e-06,1.1928368903573224e-09,0,968,86,517,5270,1755,0,10,"ok"
axis63_O,1,-0.20000000000000001,-1,1,10,0,0,O,event,0,0,0,0,0,0,737,86,517,4378,1395,0,9,"ok"
axis63_O,1,-0.20000000000000001,-1,1,10,0,0,O,fast,0,0,0,0,0,0,56,82,493,1,150,0,6,"ok"
axis63_E,1,-0.20000000000000001,-1,1,10,0,0,E,fast,0,0,0,0,0,0,56,82,493,1,150,0,6,"ok"
axis63_E,1,-0.20000000000000001,-1,1,10,0,0,E,event,0,0,0,0,0,0,771,86,517,4378,1395,0,9,"ok"
axis64_O,1,-0.20000000000000001,1,1,10,0,0,O,event,0,0,0,0,0,0,728,86,517,4381,1395,0,9,"ok"
axis64_O,1,-0.20000000000000001,1,1,10,0,0,O,fast,0,0,0,0,0,0,60,82,493,1,165,0,6,"ok"
axis64_E,1,-0.20000000000000001,1,1,10,0,0,E,fast,0,0,0,0,0,0,56,82,493,1,165,0,6,"ok"
axis64_E,1,-0.20000000000000001,1,1,10,0,0,E,event,0,0,0,0,0,0,725,86,517,4381,1395,0,9,"ok"
inward_south65_O,1,-0.75,-0.20000000000000001,1,300,3.1415926535897931,0,O,event,0.79775525652950274,1.1011681739661927e-12,0.7977552564081607,1.2134204752101141e-10,1.5210435346911927e-10,5.4645066249747742e-11,561,39,235,2592,990,0,17,"ok"
inward_south65_O,1,-0.75,-0.20000000000000001,1,300,3.1415926535897931,0,O,fast,0.79775525652950274,1.1011681739661927e-12,0.79775525607914866,4.5035408735571991e-10,5.6452663103081014e-10,2.0281193391369357e-10,68,35,211,1,510,0,6,"ok"
inward_south65_E,1,-0.75,-0.20000000000000001,1,300,3.1415926535897931,0,E,fast,1.3715632495026078,1.1185294794728764e-12,1.3715632463691967,3.1334110861536146e-09,2.2845545674178236e-09,7.9497786131810244e-10,71,35,211,1,540,0,6,"ok"
inward_south65_E,1,-0.75,-0.20000000000000001,1,300,3.1415926535897931,0,E,event,1.3715632495026078,1.1185294794728764e-12,1.3715632500432873,5.4067950117087094e-10,3.942067574112578e-10,1.3717582625361047e-10,543,39,235,2562,960,0,17,"ok"
inward_north66_O,1,-0.75,0.20000000000000001,1,300,3.1415926535897931,0,O,event,0.12355169768747679,1.1004849671100148e-13,0.12355169829297502,6.0549823488464938e-10,4.9007682307713265e-09,5.3512483333406635e-10,541,39,235,2641,1050,0,17,"ok"
inward_north66_O,1,-0.75,0.20000000000000001,1,300,3.1415926535897931,0,O,fast,0.12355169768747679,1.1004849671100148e-13,0.12355169769502923,7.5524447806785133e-12,6.112781064152087e-11,6.6746608240464411e-12,78,35,211,1,465,0,6,"ok"
inward_north66_E,1,-0.75,0.20000000000000001,1,300,3.1415926535897931,0,E,fast,0.91430488869722693,1.7795874424869662e-13,0.91430489881194077,1.0114713844266987e-08,1.1062736259322885e-08,4.053927971092719e-09,64,35,211,1,465,0,6,"ok"
inward_north66_E,1,-0.75,0.20000000000000001,1,300,3.1415926535897931,0,E,event,0.91430488869722693,1.7795874424869662e-13,0.91430489430980033,5.6125734060330501e-09,6.1386234235609124e-09,2.2494920370874638e-09,533,39,235,2611,1020,0,17,"ok"
oblique_south67_O,0,-0.75,-0.20000000000000001,1,10,1.2,0,O,event,0.013211103953060622,2.0643209364124004e-16,0.013211103955670545,2.6099226946296739e-12,1.9755523110731651e-10,2.5756063948279007e-12,6556,151,907,59410,15165,0,852,"ok"
oblique_south67_O,0,-0.75,-0.20000000000000001,1,10,1.2,0,O,fast,0.013211103953060622,2.0643209364124004e-16,0.013211103834597457,1.1846316462504891e-10,8.9669391025876002e-09,1.1690848289447331e-10,323,146,877,1934,660,0,7,"ok"
oblique_south67_E,0,-0.75,-0.20000000000000001,1,10,1.2,0,E,fast,0.013227106396321549,1.9428902930940239e-16,0.013227106278101626,1.1821992343397092e-10,8.937701103458865e-09,1.1666656529740749e-10,310,146,877,1934,660,0,7,"ok"
oblique_south67_E,0,-0.75,-0.20000000000000001,1,10,1.2,0,E,event,0.013227106396321549,1.9428902930940239e-16,0.013227106398944246,2.6226971983067671e-12,1.9828200664025335e-10,2.5882629373086274e-12,6659,151,907,59410,15165,0,852,"ok"
oblique_north68_O,0,-0.75,0.20000000000000001,10,10,0.90000000000000002,0,O,event,0.13717151152370879,1.1157741397482823e-14,0.13717151157061766,4.6908865680705958e-11,3.419723611677065e-10,4.0896064312789804e-11,7741,142,853,73305,17910,0,1056,"ok"
oblique_north68_O,0,-0.75,0.20000000000000001,10,10,0.90000000000000002,0,O,fast,0.13717151152370879,1.1157741397482823e-14,0.1371715149502562,3.4265474069261614e-09,2.4980022228113417e-08,2.9873348239561892e-09,415,138,835,2662,1335,0,9,"ok"
oblique_north68_E,0,-0.75,0.20000000000000001,10,10,0.90000000000000002,0,E,fast,0.32677921611576161,1.7652546091539989e-13,0.32677921868980586,2.5740442555211018e-09,7.8770133734859258e-09,1.8565112780422055e-09,474,138,835,2812,1485,0,9,"ok"
oblique_north68_E,0,-0.75,0.20000000000000001,10,10,0.90000000000000002,0,E,event,0.32677921611576161,1.7652546091539989e-13,0.32677921562118417,4.9457743456216008e-10,1.5134910978761756e-09,3.5671054998687168e-10,7859,142,853,73335,17940,0,1056,"ok"
turning69_O,0,-0.75,-0.20000000000000001,1,140,2.3999999999999999,0,O,event,0.53415110034797364,1.1102230246251565e-14,0.53415110015194878,1.9602486300840383e-10,3.6698391687427601e-10,1.1490319806739535e-10,9793,148,889,92362,22920,0,1363,"ok"
turning69_O,0,-0.75,-0.20000000000000001,1,140,2.3999999999999999,0,O,fast,0.53415110034797364,1.1102230246251565e-14,0.53415109954787721,8.0009643355083426e-10,1.4978840875355496e-09,4.6898984695786794e-10,1078,142,865,6760,4845,0,18,"ok"
turning69_E,0,-0.75,-0.20000000000000001,1,140,2.3999999999999999,0,E,fast,0.88334132278240207,1.6331380692236053e-13,0.88334132118103237,1.6013697035077712e-09,1.8128549658060599e-09,6.6200511739111789e-10,992,142,865,6040,4125,0,18,"ok"
turning69_E,0,-0.75,-0.20000000000000001,1,140,2.3999999999999999,0,E,event,0.88334132278240207,1.6331380692236053e-13,0.88334132214980077,6.3260130467313047e-10,7.1614594308859517e-10,2.6151697474219304e-10,9985,148,889,92422,22980,0,1363,"ok"
oblique_south70_O,0,-0.75,-0.20000000000000001,1,10,1.2,1.2,O,event,0.11473846033830551,2.095545958979983e-15,0.11473846033898251,6.7700012262861264e-13,5.9003765662575802e-12,6.0362825848869761e-13,3362,151,907,24159,6675,0,289,"ok"
oblique_south70_O,0,-0.75,-0.20000000000000001,1,10,1.2,1.2,O,fast,0.11473846033830551,2.095545958979983e-15,0.11473846035987423,2.1568719033027151e-11,1.8798159718573825e-10,1.9230617098742186e-11,325,146,877,1991,720,0,8,"ok"
oblique_south70_E,0,-0.75,-0.20000000000000001,1,10,1.2,1.2,E,fast,0.7016059299733014,8.6830542755933493e-13,0.70160592996809756,5.2038373610230337e-12,7.4170373121291296e-12,2.57999177577517e-12,329,146,877,2021,750,0,8,"ok"
oblique_south70_E,0,-0.75,-0.20000000000000001,1,10,1.2,1.2,E,event,0.7016059299733014,8.6830542755933493e-13,0.70160593001559923,4.2297831903681526e-11,6.0287164199554451e-11,2.0970780667539657e-11,3427,151,907,24189,6705,0,289,"ok"
oblique_north71_O,0,-0.75,0.20000000000000001,10,10,0.90000000000000002,1.2,O,event,0.32397370441379536,2.4813484600372249e-14,0.32397370431715761,9.6637753355111045e-11,2.982888797409326e-10,6.9895200738301355e-11,4452,142,853,36765,9180,0,472,"ok"
oblique_north71_O,0,-0.75,0.20000000000000001,10,10,0.90000000000000002,1.2,O,fast,0.32397370441379536,2.4813484600372249e-14,0.32397370797438402,3.5605886572476209e-09,1.0990363133607473e-08,2.5752643351140136e-09,538,138,835,3258,1875,0,9,"ok"
oblique_north71_E,0,-0.75,0.20000000000000001,10,10,0.90000000000000002,1.2,E,fast,1.2856785818574779,1.5536461006604441e-12,1.2856785823600547,5.0257686901034049e-10,3.9090397561437557e-10,1.3894385642032603e-10,522,138,835,3348,1965,0,9,"ok"
oblique_north71_E,0,-0.75,0.20000000000000001,10,10,0.90000000000000002,1.2,E,event,1.2856785818574779,1.5536461006604441e-12,1.2856785824565624,5.990845597381167e-10,4.6596759733882489e-10,1.6562468063696656e-10,4448,142,853,36825,9240,0,472,"ok"
turning72_O,0,-0.75,-0.20000000000000001,1,140,2.3999999999999999,1.2,O,event,0.85294253374255879,1.7208456881689926e-14,0.85294253258723629,1.1553225043314796e-09,1.3545138841442597e-09,4.9235115984203048e-10,5007,148,889,42336,10755,0,560,"ok"
turning72_O,0,-0.75,-0.20000000000000001,1,140,2.3999999999999999,1.2,O,fast,0.85294253374255879,1.7208456881689926e-14,0.85294256084921816,2.7106659361564311e-08,3.1780170749165429e-08,1.1551749334870465e-08,271,142,865,1720,465,0,8,"ok"
turning72_E,0,-0.75,-0.20000000000000001,1,140,2.3999999999999999,1.2,E,fast,3.6596294411262091,9.2299501375237014e-12,3.6596294408737751,2.5243407364428094e-10,6.8978042095594586e-11,6.4981700576005608e-12,257,142,865,1690,435,0,8,"ok"
turning72_E,0,-0.75,-0.20000000000000001,1,140,2.3999999999999999,1.2,E,event,3.6596294411262091,9.2299501375237014e-12,3.659629449113603,7.9873938574337444e-09,2.1825690239762949e-09,2.0561189209566955e-10,5085,148,889,42396,10815,0,560,"ok"
inward_south73_O,1,-0.050000000000000003,-0.20000000000000001,1,300,3.1415926535897931,0,O,event,3.6505605423221796,3.0075116539365269e-13,3.6505605939573122,5.1635132614080703e-08,1.4144439467708368e-08,1.3413032767806143e-09,539,39,235,2546,930,0,17,"ok"
inward_south73_O,1,-0.050000000000000003,-0.20000000000000001,1,300,3.1415926535897931,0,O,fast,3.6505605423221796,3.0075116539365269e-13,3.6505604510469016,9.1275278002456162e-08,2.5003085675273998e-08,2.3710181838720867e-09,40,35,211,1,210,0,6,"ok"
inward_south73_E,1,-0.050000000000000003,-0.20000000000000001,1,300,3.1415926535897931,0,E,fast,19.92381708492012,3.3246452667859742e-13,19.92381659265213,4.9226798992663134e-07,2.4707514018446679e-08,1.0949590686399313e-15,40,35,211,1,210,0,6,"ok"
inward_south73_E,1,-0.050000000000000003,-0.20000000000000001,1,300,3.1415926535897931,0,E,event,19.92381708492012,3.3246452667859742e-13,19.923817353196217,2.6827609644897166e-07,1.3465095333164029e-08,5.9673031570287948e-16,520,39,235,2546,930,0,17,"ok"
inward_north74_O,1,-0.050000000000000003,0.20000000000000001,1,300,3.1415926535897931,0,O,event,2.8249241373826579,6.6788374209261987e-13,2.8249241730251073,3.5642449436323886e-08,1.2617135081491868e-08,2.1140661374263736e-09,532,39,235,2530,930,0,17,"ok"
inward_north74_O,1,-0.050000000000000003,0.20000000000000001,1,300,3.1415926535897931,0,O,fast,2.8249241373826579,6.6788374209261987e-13,2.8249241044353739,3.2947284012152522e-08,1.1663068602854151e-08,1.9542074347622673e-09,47,35,211,1,270,0,6,"ok"
inward_north74_E,1,-0.050000000000000003,0.20000000000000001,1,300,3.1415926535897931,0,E,fast,19.469329062513015,2.9215694051672319e-13,19.469328846178094,2.1633492153227962e-07,1.1111575588334941e-08,7.5806160240016615e-16,56,35,211,1,270,0,6,"ok"
inward_north74_E,1,-0.050000000000000003,0.20000000000000001,1,300,3.1415926535897931,0,E,event,19.469329062513015,2.9215694051672319e-13,19.469329318210342,2.5569732642338749e-07,1.3133340424951614e-08,8.9599163151738213e-16,555,39,235,2560,960,0,17,"ok"
oblique_south75_O,0,-0.050000000000000003,-0.20000000000000001,1,10,1.2,0,O,event,0.37385228540225612,2.6645352591003757e-14,0.37385228548798782,8.5731699517310744e-11,2.2931971493785435e-10,5.8990146101223218e-11,6546,151,907,59046,15165,0,852,"ok"
oblique_south75_O,0,-0.050000000000000003,-0.20000000000000001,1,10,1.2,0,O,fast,0.37385228540225612,2.6645352591003757e-14,0.37385228559362188,1.9136575657441313e-10,5.1187531559024218e-10,1.3167467116659282e-10,247,146,877,1548,330,0,7,"ok"
oblique_south75_E,0,-0.050000000000000003,-0.20000000000000001,1,10,1.2,0,E,fast,0.37408701144006518,2.6589841439772499e-14,0.37408701163106667,1.9100149240003361e-10,5.1058039054808283e-10,1.3139322962985034e-10,242,146,877,1548,330,0,7,"ok"
oblique_south75_E,0,-0.050000000000000003,-0.20000000000000001,1,10,1.2,0,E,event,0.37408701144006518,2.6589841439772499e-14,0.37408701152624074,8.6175566682555882e-11,2.3036235968423247e-10,5.9281579645187321e-11,6620,151,907,59046,15165,0,852,"ok"
oblique_north76_O,0,-0.050000000000000003,0.20000000000000001,10,10,0.90000000000000002,0,O,event,6.2815101741104407,3.9639402871216589e-12,6.2815102064172397,3.2306799013781529e-08,5.1431579537888231e-09,6.0432243410846187e-11,7794,142,853,73679,18225,0,1057,"ok"
oblique_north76_O,0,-0.050000000000000003,0.20000000000000001,10,10,0.90000000000000002,0,O,fast,6.2815101741104407,3.9639402871216589e-12,6.2815101409634329,3.314700780521207e-08,5.2769169970987433e-09,6.200391762523072e-11,220,138,835,1441,285,0,7,"ok"
oblique_north76_E,0,-0.050000000000000003,0.20000000000000001,10,10,0.90000000000000002,0,E,fast,9.5912230176776934,6.2048144400250749e-12,9.591223002941673,1.4736020403915973e-08,1.5364068145173815e-09,1.0068504867734654e-12,222,138,835,1471,315,0,7,"ok"
oblique_north76_E,0,-0.050000000000000003,0.20000000000000001,10,10,0.90000000000000002,0,E,event,9.5912230176776934,6.2048144400250749e-12,9.5912230653291513,4.7651457890651727e-08,4.9682358342439515e-09,3.2558242262165429e-12,7820,142,853,73649,18195,0,1057,"ok"
turning77_O,0,-0.050000000000000003,-0.20000000000000001,1,140,2.3999999999999999,0,O,event,13.501029508602334,2.4868995751603507e-13,13.501029477669949,3.093238554185973e-08,2.2911130978678929e-09,4.2363399733099934e-14,10082,148,889,92737,23070,0,1367,"ok"
turning77_O,0,-0.050000000000000003,-0.20000000000000001,1,140,2.3999999999999999,0,O,fast,13.501029508602334,2.4868995751603507e-13,13.501029559581635,5.0979300780795711e-08,3.7759565482257236e-09,6.9818617889148946e-14,744,142,865,4602,2880,0,13,"ok"
turning77_E,0,-0.050000000000000003,-0.20000000000000001,1,140,2.3999999999999999,0,E,fast,20.866208825674246,6.6791017161449417e-13,20.86620888814603,6.2471784190165636e-08,2.99392116277965e-09,5.4150758518722119e-17,730,142,865,4602,2880,0,13,"ok"
turning77_E,0,-0.050000000000000003,-0.20000000000000001,1,140,2.3999999999999999,0,E,event,20.866208825674246,6.6791017161449417e-13,20.866208770527741,5.5146504251979422e-08,2.6428617058660864e-09,4.7801183341771277e-17,9897,148,889,92767,23100,0,1367,"ok"
oblique_south78_O,0,-0.050000000000000003,-0.20000000000000001,1,10,1.2,1.2,O,event,6.2902724156136962,9.3791641120333225e-13,6.2902724190442827,3.4305864815564746e-09,5.4537963618890055e-10,6.3611811131070173e-12,3433,151,907,24093,6735,0,289,"ok"
oblique_south78_O,0,-0.050000000000000003,-0.20000000000000001,1,10,1.2,1.2,O,fast,6.2902724156136962,9.3791641120333225e-13,6.2902724040677018,1.1545994382800018e-08,1.8355316940074939e-09,2.1409215112538904e-11,250,146,877,1518,285,0,8,"ok"
oblique_south78_E,0,-0.050000000000000003,-0.20000000000000001,1,10,1.2,1.2,E,fast,17.129329607561207,2.3838708784751361e-12,17.129329575925226,3.1635980946020936e-08,1.8468896139435732e-09,1.1508215453976267e-15,237,146,877,1518,285,0,8,"ok"
oblique_south78_E,0,-0.050000000000000003,-0.20000000000000001,1,10,1.2,1.2,E,event,17.129329607561207,2.3838708784751361e-12,17.129329616659604,9.0983967027113977e-09,5.3115894849120047e-10,3.3097221476132178e-16,3399,151,907,24093,6735,0,289,"ok"
oblique_north79_O,0,-0.050000000000000003,0.20000000000000001,10,10,0.90000000000000002,1.2,O,event,0.55092500914752784,3.6561864646955655e-12,0.55092500754255025,1.6049775952708956e-09,2.9132414913498897e-09,9.2513530169924252e-10,4433,142,853,36888,9255,0,473,"ok"
oblique_north79_O,0,-0.050000000000000003,0.20000000000000001,10,10,0.90000000000000002,1.2,O,fast,0.55092500914752784,3.6561864646955655e-12,0.55092500632348262,2.8240452198957655e-09,5.1260065762226754e-09,1.6278258740953788e-09,202,138,835,1288,135,0,10,"ok"
oblique_north79_E,0,-0.050000000000000003,0.20000000000000001,10,10,0.90000000000000002,1.2,E,fast,21.624217628236778,1.7358914305987128e-10,21.624217471185467,1.5705131062304645e-07,7.2627511118816044e-09,6.3791557812110759e-17,193,138,835,1288,135,0,10,"ok"
oblique_north79_E,0,-0.050000000000000003,0.20000000000000001,10,10,0.90000000000000002,1.2,E,event,21.624217628236778,1.7358914305987128e-10,21.624217632443415,4.2066368166615575e-09,1.9453359603487136e-10,1.7086638228625717e-18,4394,142,853,36888,9255,0,473,"ok"
turning80_O,0,-0.050000000000000003,-0.20000000000000001,1,140,2.3999999999999999,1.2,O,event,22.16197560371268,9.5283780865429435e-12,22.161975302489342,3.0122333782856003e-07,1.3591899170672207e-08,7.1460322077527241e-17,5257,148,889,43338,11325,0,568,"ok"
turning80_O,0,-0.050000000000000003,-0.20000000000000001,1,140,2.3999999999999999,1.2,O,fast,22.16197560371268,9.5283780865429435e-12,22.161975858251044,2.5453836371980287e-07,1.1485364313692385e-08,6.0385056874929381e-17,554,142,865,3351,1830,0,12,"ok"
turning80_E,0,-0.050000000000000003,-0.20000000000000001,1,140,2.3999999999999999,1.2,E,fast,113.06563156239345,3.6520191315503325e-09,113.06563594845389,4.3860604392875757e-06,3.8792163265520692e-08,3.4537729121376279e-55,584,142,865,3561,2040,0,12,"ok"
turning80_E,0,-0.050000000000000003,-0.20000000000000001,1,140,2.3999999999999999,1.2,E,event,113.06563156239345,3.6520191315503325e-09,113.06562938454496,2.1778484864398706e-06,1.9261807998994458e-08,1.7149373337957895e-55,5157,148,889,43398,11385,0,568,"ok"
positive_carriers_O,1,0.20000000000000001,0.20000000000000001,1,10,0,0,O,event,0.46171523920447488,6.9982236096158572e-13,0.46171523405684234,5.1476325424459901e-09,1.1148933596636851e-08,3.2440471420258632e-09,937,86,517,5117,1605,0,10,"ok"
positive_carriers_O,1,0.20000000000000001,0.20000000000000001,1,10,0,0,O,fast,0.46171523920447488,6.9982236096158572e-13,0.46171524249341483,3.2889399537161523e-09,7.1233082091527296e-09,2.0726957927763578e-09,58,82,493,1,210,0,7,"ok"
positive_carriers_E,1,0.20000000000000001,0.20000000000000001,1,10,0,0,E,fast,4.6623500810787393,1.1382067920442342e-13,4.6623500946731147,1.3594375403158665e-08,2.9157774870507581e-09,1.2838856366936824e-10,62,82,493,1,270,0,7,"ok"
positive_carriers_E,1,0.20000000000000001,0.20000000000000001,1,10,0,0,E,event,4.6623500810787393,1.1382067920442342e-13,4.6623500219628129,5.911592637630747e-08,1.2679426758667953e-08,5.58305107006829e-10,952,86,517,5207,1695,0,10,"ok"
inside_layer_O,1,-0.20000000000000001,-0.20000000000000001,1,90,0,0,O,event,0.46171523920447416,7.3577466658474405e-13,0.46171523931030678,1.0583262044505659e-10,2.2921621696395384e-10,6.6695871048239042e-11,710,55,331,4050,1185,0,8,"ok"
inside_layer_O,1,-0.20000000000000001,-0.20000000000000001,1,90,0,0,O,fast,0.46171523920447416,7.3577466658474405e-13,0.4617152311058268,8.0986473638411383e-09,1.7540351013310586e-08,5.1037819526200678e-09,37,51,307,1,150,0,5,"ok"
inside_layer_E,1,-0.20000000000000001,-0.20000000000000001,1,90,0,0,E,fast,4.6623500810787375,6.3064021284667072e-13,4.6623500142580374,6.6820700084235796e-08,1.4331978277524658e-08,6.3107085529479079e-10,39,51,307,1,180,0,5,"ok"
inside_layer_E,1,-0.20000000000000001,-0.20000000000000001,1,90,0,0,E,event,4.6623500810787375,6.3064021284667072e-13,4.6623500809913727,8.7364782075383118e-11,1.8738357385460284e-11,8.2509346577275267e-13,669,55,331,4110,1245,0,8,"ok"
partial_layer81_O,1,-0.20000000000000001,-0.20000000000000001,1,95.285892902037006,0,0,O,event,0.13621606689645913,7.3704948401757187e-14,0.13621606689842786,1.9687307339921745e-12,1.4452999406367023e-11,1.7180701306074297e-12,577,54,325,3190,990,0,5,"ok"
partial_layer81_O,1,-0.20000000000000001,-0.20000000000000001,1,95.285892902037006,0,0,O,fast,0.13621606689645913,7.3704948401757187e-14,0.13621606844394679,1.5474876657872727e-09,1.1360536983963519e-08,1.3504214413373461e-09,27,50,301,1,60,0,3,"ok"
partial_layer81_E,1,-0.20000000000000001,-0.20000000000000001,1,95.285892902037006,0,0,E,fast,2.2077738398845819,1.4859015774233921e-13,2.2077738690169202,2.9132338319470819e-08,1.319534537151405e-08,3.2029587315740571e-09,30,50,301,1,90,0,3,"ok"
partial_layer81_E,1,-0.20000000000000001,-0.20000000000000001,1,95.285892902037006,0,0,E,event,2.2077738398845819,1.4859015774233921e-13,2.2077738399742035,8.9621643439841137e-11,4.0593670339225681e-11,9.8534652659409971e-12,607,54,325,3280,1080,0,5,"ok"
partial_layer82_O,1,-0.001,-0.20000000000000001,1,94.09973265244264,0,0,O,event,25.188426564876,1.3165767651197151e-12,25.188426564868539,7.460698725481052e-12,2.9619550495800414e-13,8.5819988552376621e-23,622,54,325,3554,1170,0,6,"ok"
partial_layer82_O,1,-0.001,-0.20000000000000001,1,94.09973265244264,0,0,O,fast,25.188426564876,1.3165767651197151e-12,25.188426569106433,4.2304328928821633e-09,1.6795145508537997e-10,4.8662020847774534e-20,38,50,301,1,180,0,5,"ok"
partial_layer82_E,1,-0.001,-0.20000000000000001,1,94.09973265244264,0,0,E,fast,154.90062170798583,2.3213928860847321e-12,154.90062173402814,2.6042300760309445e-08,1.6812263548821408e-10,1.3905739649256231e-75,38,50,301,1,180,0,5,"ok"
partial_layer82_E,1,-0.001,-0.20000000000000001,1,94.09973265244264,0,0,E,event,154.90062170798583,2.3213928860847321e-12,154.90062170794008,4.5758952182950452e-11,2.9540844754783425e-13,2.4433767478315388e-78,644,54,325,3554,1170,0,6,"ok"
partial_layer83_O,1,-0.20000000000000001,0,1,92.161278638550186,0,0,O,event,0.0082559531159298247,1.2784998137317195e-16,0.0082559531159334433,3.6186331708876196e-15,4.383059254425129e-13,3.5527136788005009e-15,441,55,331,2669,855,0,4,"ok"
partial_layer83_O,1,-0.20000000000000001,0,1,92.161278638550186,0,0,O,fast,0.0082559531159298247,1.2784998137317195e-16,0.0082559531376031978,2.1673373165609355e-11,2.6251812312003902e-09,2.1495139002070118e-11,23,51,307,1,15,0,3,"ok"
partial_layer83_E,1,-0.20000000000000001,0,1,92.161278638550186,0,0,E,fast,2.633956003434311,3.8600477531384377e-14,2.6339560145596406,1.1125329546501916e-08,4.2238099391166897e-09,7.9873060943036478e-10,22,51,307,1,15,0,3,"ok"
partial_layer83_E,1,-0.20000000000000001,0,1,92.161278638550186,0,0,E,event,2.633956003434311,3.8600477531384377e-14,2.6339560034391551,4.844125101044483e-12,1.8391063080508634e-12,3.4777736246383029e-13,431,55,331,2699,885,0,4,"ok"
partial_layer84_O,1,-0.001,0,1,92.323279964195621,0,0,O,event,0.00022159834090831158,6.8619646665938539e-15,0.00022159834092560241,1.7290829141744513e-14,7.8027791502729511e-11,1.7319479184152442e-14,472,55,331,2915,945,0,6,"ok"
partial_layer84_O,1,-0.001,0,1,92.323279964195621,0,0,O,fast,0.00022159834090831158,6.8619646665938539e-15,0.00022159834078396291,1.2434866504540398e-13,5.6114438644129757e-10,1.2434497875801753e-13,26,51,307,1,45,0,4,"ok"
partial_layer84_E,1,-0.001,0,1,92.323279964195621,0,0,E,fast,873.45154356979447,1.2914070230021268e-11,873.45154156418823,2.0056062339790515e-06,2.2961848871228085e-09,0,24,51,307,1,15,0,4,"ok"
partial_layer84_E,1,-0.001,0,1,92.323279964195621,0,0,E,event,873.45154356979447,1.2914070230021268e-11,873.45154376425501,1.9446054011496017e-07,2.2263460583079444e-10,0,454,55,331,2915,945,0,6,"ok"
hard_cold_O,1,-0.0050000000000000001,0,100,10,0,0,O,event,0.0030173117145025946,5.720282450957285e-14,0.0030173116458347398,6.8667854822429542e-11,2.2757958513991144e-08,6.8461014635090578e-11,738,86,517,4597,1635,0,10,"ok"
hard_cold_O,1,-0.0050000000000000001,0,100,10,0,0,O,fast,0.0030173117145025946,5.720282450957285e-14,0.003017311645355918,6.9146676665715612e-11,2.2916650054207101e-08,6.8938410535679395e-11,56,82,493,1,225,0,7,"ok"
hard_cold_E,1,-0.0050000000000000001,0,100,10,0,0,E,fast,241.3846950084141,3.5996043814997791e-12,241.38468947240841,5.536005687645229e-06,2.2934369088530061e-08,8.149982415757402e-111,59,82,493,1,225,0,7,"ok"
hard_cold_E,1,-0.0050000000000000001,0,100,10,0,0,E,event,241.3846950084141,3.5996043814997791e-12,241.38468951784293,5.4905711692754267e-06,2.2746144568461718e-08,8.0830945613070176e-111,737,86,517,4627,1665,0,10,"ok"
inward_surface_O,0,-0.20000000000000001,0.20000000000000001,10,30,2.9900000000000002,0.40000000000000008,O,event,4.2450216177679574e-52,0,4.2450216178818478e-52,1.1389043301562714e-62,1.1389043301562714e-62,0,2226,26,157,22325,5055,0,334,"ok"
inward_surface_O,0,-0.20000000000000001,0.20000000000000001,10,30,2.9900000000000002,0.40000000000000008,O,fast,4.2450216177679574e-52,0,4.2450094024683551e-52,1.2215299602252729e-57,1.2215299602252729e-57,0,30,20,127,192,15,0,2,"ok"
inward_surface_E,0,-0.20000000000000001,0.20000000000000001,10,30,2.9900000000000002,0.40000000000000008,E,fast,4.9326806438732931e-52,0,4.9326665187513586e-52,1.4125121934458469e-57,1.4125121934458469e-57,0,30,20,127,192,15,0,2,"ok"
inward_surface_E,0,-0.20000000000000001,0.20000000000000001,10,30,2.9900000000000002,0.40000000000000008,E,event,4.9326806438732931e-52,0,4.9326806440053223e-52,1.3202919293371876e-62,1.3202919293371876e-62,0,2231,26,157,22325,5055,0,334,"ok"
